Linkedin URL,Website,Company Name,Employee Count,Follower Count
https://www.linkedin.com/company/big-country-rv,,Big Country Rv,"[1, 10]",27
https://www.linkedin.com/company/marianne-richmond,http://www.mariannerichmond.com,Marianne Richmond,,
https://www.linkedin.com/company/iteg-it-engineers-gmbh,https://www.iteg.at,ITEG IT-Engineers GmbH,"[1, 10]",5
https://www.linkedin.com/company/altruism-australia,,Altruism Australia,,
https://www.linkedin.com/company/dale-digital,http://www.daledigital.pe,Dale Digital,"[1, 10]",
https://www.linkedin.com/company/soho-fashions,,Soho Fashions,"[1, 10]",3
https://www.linkedin.com/company/luton-traded-services,http://www.lutontradedservices.com,Luton Traded Services,"[5001, 10000]",
https://www.linkedin.com/company/traffic-management-solutions-inc,http://trafficmgmtsolutions.com,TRAFFIC MANAGEMENT SOLUTIONS INC,"[1, 10]",28
https://www.linkedin.com/company/mudita-massage,http://www.muditamassage.com,Mudita Massage,,4
https://www.linkedin.com/company/sound-consulting,http://www.soundconsulting.com.au/,Sound Consulting,"[1, 10]",1
https://www.linkedin.com/company/apel-limited,http://www.apel-ltd.com,Apel Limited,"[1, 10]",
https://www.linkedin.com/company/mentis-nation,http://www.mentisnation.com/,Mentis Nation,"[11, 50]",
https://www.linkedin.com/company/melancholy-star,http://www.melancholystar.com,Melancholy Star,"[1, 10]",
https://www.linkedin.com/company/chameleon-venues,http://www.chameleonvenues.com,Chameleon Venues,"[1, 10]",
https://www.linkedin.com/company/limelite-brand-solutions-pvt-ltd---india,http://limelitebrandsolutions.com,Limelite Brand Solutions Pvt. Ltd. - India,"[11, 50]",64
https://www.linkedin.com/company/grand-prix-imports,,Grand Prix Imports,"[1, 10]",3
https://www.linkedin.com/company/florette-italia-s.r.l.,,FLORETTE ITALIA S.R.L.,"[11, 50]",55
https://www.linkedin.com/company/custom-installers-llc,http://www.custominstallersllc.com/,Custom Installers Llc,"[11, 50]",6
https://www.linkedin.com/company/teejeej-digital-media,http://www.teejeej.nl,Teejeej,,
https://www.linkedin.com/company/inspector-gadget,,Inspector Gadget,,
https://www.linkedin.com/company/bow-scaffolding-group-limited,,Bow Scaffolding Group Limited,"[1, 10]",14
https://www.linkedin.com/company/merapi-tour,http://merapipesonajogja.com,Merapi tour,,
https://www.linkedin.com/company/publioriente,http://www.publioriente.com,Publi Oriente CA,"[11, 50]",
https://www.linkedin.com/company/on-demand-properties-llc,http://ondemandre.com,On Demand Properties LLC,"[1, 10]",
https://www.linkedin.com/company/westernportugal,http://westernportugal.com,westernportugal.com,"[1, 10]",2
https://www.linkedin.com/company/prosperbull,http://www.prosperbull.com,ProsperBull,"[1, 10]",1
https://www.linkedin.com/company/the-clay-room,,Sunset Real Estate Investors Inc.,,3
https://www.linkedin.com/company/mark-mercer-electronics-limited,,MARK MERCER ELECTRONICS LIMITED,"[11, 50]",
https://www.linkedin.com/company/chembizr,http://www.chembizr.com,ChemBizR,"[11, 50]",611
https://www.linkedin.com/company/skilled-engineering-limited,,SKILLED ENGINEERING LIMITED,,
https://www.linkedin.com/company/fntg-national-record-centers-inc-,http://www.fntgrecordcenters.com,"FNTG National Record Centers, Inc.","[11, 50]",4
https://www.linkedin.com/company/homtex-inc,,"HomTex, Inc",,
https://www.linkedin.com/company/southern-maryland-youth-org,http://smyo.org/,Southern Maryland Youth Org,"[1, 10]",1
https://www.linkedin.com/company/international-appraisals-inc-,http://www.internationalappraisals.com,"International Appraisals, Inc.","[1, 10]",
https://www.linkedin.com/company/brauch-family-chiropractic,http://www.brauchfamilychiropractic.com,Brauch Family Chiropractic,,
https://www.linkedin.com/company/advocatenkantoor-wijnakker,,Advocatenkantoor Wijnakker,"[1, 10]",
https://www.linkedin.com/company/protra-group-a-s,http://www.protra-group.com,Protra Group a/s,"[1, 10]",
https://www.linkedin.com/company/the-groutsmith-of-charlotte,http://www.GroutsmithCharlotte.com,The Groutsmith of Charlotte,"[1, 10]",15
https://www.linkedin.com/company/romy-zuijdervliet-noordwijk-b.v.,,Romy Zuijdervliet Noordwijk B.V.,"[11, 50]",
https://www.linkedin.com/company/allegrapa-marketing-print-mail,http://www.allegrapa.com,"Allegra Marketing | Print | Mail Lancaster, PA","[1, 10]",
https://www.linkedin.com/company/travel-management,,Travel Management,,
https://www.linkedin.com/company/upsell,http://www.upsell.fr,Upsell - Force de vente externalisée,"[51, 200]",
https://www.linkedin.com/company/paradise-garden-ab-oy,,Paradise Garden ab oy,,
https://www.linkedin.com/company/uproject,http://www.u-project.eu/,U-PROJECT Field Hospital Projects,"[11, 50]",1983
https://www.linkedin.com/company/niche-financial-group,http://www.nichefinancial.com.au,Niche Financial Group,"[11, 50]",32
https://www.linkedin.com/company/comptoirs-du-multimedia,http://comptoirsdumultimedia.com,COMPTOIRS DU MULTIMEDIA,"[11, 50]",
https://www.linkedin.com/company/pica-graphics,http://picagraphics.com/,Pica Graphics,"[1, 10]",1
https://www.linkedin.com/company/fortas-ag,http://www.fortas-ag.de,Fortas AG,,8
https://www.linkedin.com/company/danmar-solutions-ltd,http://n/a,Danmar Solutions Ltd,,
https://www.linkedin.com/company/dewald-leuchten-studio,http://www.dewald-leuchten-studio.de,Dewald Leuchten-Studio,"[1, 10]",3
https://www.linkedin.com/company/sobheshahr,http://www.sobheshahr.com,Sobhe Shahr |صبح شهر,"[1, 10]",52
https://www.linkedin.com/company/your-career-dreams,http://fourstepcareers.com,Four Step Careers,,
https://www.linkedin.com/company/ims-rotterdam,,,,
https://www.linkedin.com/company/nivelles-commerces,http://Www.nivellescommerces.be,Nivelles Commerces,,
https://www.linkedin.com/company/coop-cave,,Coop Cave,"[1, 10]",
https://www.linkedin.com/company/kelly-temporary-svc,,Kelly Temporary Svc,"[11, 50]",41
https://www.linkedin.com/company/parinvest-rocks-ab,,Parinvest Rocks AB,"[1, 10]",
https://www.linkedin.com/company/joule-solutions-pty-ltd,,Joule Solutions Pty Ltd,"[1, 10]",
https://www.linkedin.com/company/macat,http://www.macat.com,Macat - Critical Thinking,"[11, 50]",
https://www.linkedin.com/company/the-best-cool-electronics-wholesaler-from-china,http://www.eleczilla.com,The Best Cool Electronics Wholesaler from China,"[51, 200]",
https://www.linkedin.com/company/-le-poisson-rouge,http://wwww.lprnyc.com,(Le) Poisson Rouge,"[11, 50]",
https://www.linkedin.com/company/viridian-housing,http://www.viridianhousing.org.uk,Viridian Housing,"[1001, 5000]",
https://www.linkedin.com/company/solutions-for-small-business,http://www.ssb-ca.com,Solutions for Small Business,,
https://www.linkedin.com/company/st-cvo-woerden,http://bit.ly/1wDL07J,Kalsbeek College,,
https://www.linkedin.com/company/northbdt,https://northsd.com.au/,north - security | digital,"[51, 200]",1123
https://www.linkedin.com/company/codeplex-software-development-cc,http://www.codeplex.co.za,Codeplex Software Development (Pty) Ltd,"[1, 10]",
https://www.linkedin.com/company/bng-gmbh,http://www.bng.de,Bng GmbH,,1
https://www.linkedin.com/company/wagner-kirkman-blaine-klomparens-&-youmans-llp,,,,
https://www.linkedin.com/company/jsc-avtogaz,,JSC Avtogaz,,
https://www.linkedin.com/company/mon-technicien-com,http://www.montechnicien.com,Mon Technicien,"[11, 50]",737
https://www.linkedin.com/company/golive-creations,http://www.golivecreations.com,GOLIVE Creations,"[1, 10]",
https://www.linkedin.com/company/vibe-com,,Vibe.com,,
https://www.linkedin.com/company/armatile-limited,http://armatile.com,ARMATILE,"[51, 200]",1041
https://www.linkedin.com/company/gillette-management-llc,,GILLETTE MANAGEMENT LLC,"[11, 50]",8
https://www.linkedin.com/company/mafe-engenharia-e-perfuracao,,MAFE ENGENHARIA E PERFURAÇÃO EIRELI,"[11, 50]",437
https://www.linkedin.com/company/energy-design-engineers,http://www.energydesignengineers.com/,Energy Design Engineers,"[1, 10]",93
https://www.linkedin.com/company/gynaecology-care-limited,http://www.gynaecologycare.co.uk,GYNAECOLOGY CARE LIMITED,"[51, 200]",20
https://www.linkedin.com/company/atozee-solutions,http://www.atozeesolutions.com,AtoZeeSolutions,"[1, 10]",26
https://www.linkedin.com/company/flying-arrow-resort,http://www.flyingarrowresort.com,Flying Arrow Resort,"[1, 10]",2
https://www.linkedin.com/company/stradling,https://www.stradlinglaw.com,Stradling Yocca Carlson & Rauth,"[51, 200]",1377
https://www.linkedin.com/company/bepurposeful,,,,
https://www.linkedin.com/company/kse-engineering-p-c,http://www.kse-eng.com,"KSE Engineering, P.C.","[11, 50]",139
https://www.linkedin.com/company/fluor-bwxt-portsmouth,http://www.fbportsmouth.com,Fluor-BWXT Portsmouth,,432
https://www.linkedin.com/company/viral-wave-media-pvt-ltd-,http://www.viralwave.in,Viral Wave Media Pvt Ltd.,"[11, 50]",
https://www.linkedin.com/company/chiado-editora,http://www.chiadoeditora.com,Chiado Editora,"[51, 200]",2642
https://www.linkedin.com/company/sálvora-investment-club,http://www.salvorainvestment.com,Sálvora Investment Club,"[11, 50]",7
https://www.linkedin.com/company/andersen-&-blesbjerg,,,,
https://www.linkedin.com/company/88-china-bistro,http://www.88chinabistro.com/88ChinaMenu.xml,88 China Bistro,"[1, 10]",3
https://www.linkedin.com/company/berzinsky-architects,http://www.berzinsky.com/,Berzinsky Architects,"[11, 50]",12
https://www.linkedin.com/company/prague-pride-o.s.,http://www.praguepride.com,Prague Pride o.s.,"[11, 50]",164
https://www.linkedin.com/company/swap-consultants,http://swapconsulting.com/bpo_division/,SWAP Consultants,"[11, 50]",
https://www.linkedin.com/company/cleansoft,,,,
https://www.linkedin.com/company/vea-consulting,http://vea-consulting.com,VEA Consulting Inc.,"[1, 10]",13
https://www.linkedin.com/company/massive-design,,,,
https://www.linkedin.com/company/teracrest-llc,,TeraCrest LLC,,
https://www.linkedin.com/company/hd-vest-securities,,,,
https://www.linkedin.com/company/jumay,http://www.jumay.biz,Jumay,"[11, 50]",276
https://www.linkedin.com/company/portaria-monitorada,http://www.portariamonitorada.com/,Portaria Monitorada,"[11, 50]",
https://www.linkedin.com/company/venture-technology-economics-llc,,"Venture Technology Economics, LLC",,
https://www.linkedin.com/company/cazdak-dakbedekkingen-bv-dakbehoud-cazdak-installatietechniek-bv,http://www.cazdak.nl,Cazdak Dakbedekkingen BV / Dakbehoud / Cazdak Installatietechniek BV,"[11, 50]",384
https://www.linkedin.com/company/clc-technologies-inc,,CLC Technologies Inc,"[11, 50]",
https://www.linkedin.com/company/yoochai,http://www.yoochai.com,Yoochai,"[1, 10]",
https://www.linkedin.com/company/green-leaf---business-solutions-&-consulting,,,,
https://www.linkedin.com/company/aquaglass,http://www.aquaglass.fr,Aquaglass,"[1, 10]",
https://www.linkedin.com/company/meu-bibi,http://meubibi.com.br,Meu Bibi,,
https://www.linkedin.com/company/daniel-rutois-pa,,Daniel Rutois PA,,
https://www.linkedin.com/company/nevertable,,NeverTable,"[1, 10]",1
https://www.linkedin.com/company/alberth-technology,http://www.alberth.com,Alberth Technology,,
https://www.linkedin.com/company/greve-bedrijfsfinancieringen,http://www.grevebedrijfsfinancieringen.nl,Greve Bedrijfsfinancieringen,"[1, 10]",5
https://www.linkedin.com/company/advanced-materials-engineering,,,,
https://www.linkedin.com/company/capital-active-funding-inc,,Capital Active Funding Inc,"[1, 10]",2
https://www.linkedin.com/company/programma-computa-o-cient-fica-ltda,,Programma Computação Científica Ltda,"[1, 10]",29
https://www.linkedin.com/company/witchford-lighting-centre-ltd,http://www.witchfordlighting.co.uk/,WITCHFORD LIGHTING CENTRE LTD,"[1, 10]",4
https://www.linkedin.com/company/wewrite-llc,http://www.wewrite.net,"WeWrite, LLC","[1, 10]",13
https://www.linkedin.com/company/revenue-performance-interactive,http://www.revenueperformance.com,Revenue Performance Inc.,"[11, 50]",305
https://www.linkedin.com/company/mccord-business-brokers,http://www.curvesresales.com,McCord Business Brokers,"[1, 10]",
https://www.linkedin.com/company/on-time-telecom,,On Time Telecom,,
https://www.linkedin.com/company/vault-ventures-llc,http://www.thisisvault.com,VAULT VENTURES LLC,"[11, 50]",
https://www.linkedin.com/company/lafarge-redland-genstar,,Lafarge Redland Genstar,"[1, 10]",21
https://www.linkedin.com/company/above-all-auto,http://www.aboveallempire.com/,Above All Auto,"[1, 10]",1
https://www.linkedin.com/company/prime-star-technologies-llc,http://primestartech.net,"PRIME STAR TECHNOLOGIES, LLC",,23
https://www.linkedin.com/company/umut,,UMUT,,
https://www.linkedin.com/company/delta-bravo-ai,https://deltabravo.ai,Delta Bravo,"[11, 50]",99
https://www.linkedin.com/company/birg-technology,http://birgtech.com,BIRG Technology d.o.o.,"[1, 10]",5
https://www.linkedin.com/company/feebris,http://www.feebris.com,Feebris,"[11, 50]",958
https://www.linkedin.com/company/rosenow-roofing-inc,,Rosenow Roofing Inc,"[11, 50]",
https://www.linkedin.com/company/shopeasypro,http://www.shopeasypro.net,ShopEasyPro,,
https://www.linkedin.com/company/imerir,http://www.imerir.com,Institut Méditerranéen d'Etudes et Recherche en Informatique et Robotique (IMERIR),,721
https://www.linkedin.com/company/dealerdiva,,Dealer Diva,,
https://www.linkedin.com/company/社会价值投资联盟（深圳）,,,,
https://www.linkedin.com/company/new-image-permanent-cosmetics,http://www.newimage-permanentcosmetics.com/,New Image Permanent Cosmetics,"[51, 200]",10
https://www.linkedin.com/company/lifeline-help-charity,http://www.lifelinehelp.org,Lifeline Help charity,"[1, 10]",
https://www.linkedin.com/company/phoenix-magazine,http://www.phoenixmag.co.uk,PHOENIX Magazine,"[1, 10]",
https://www.linkedin.com/company/dancy-enterprises-llc.,http://www.dancyhomes.com,"Dancy Enterprises, LLC.","[1, 10]",
https://www.linkedin.com/company/plants4presents.co.uk,http://www.plants4presents.co.uk,Plants4Presents.co.uk,"[1, 10]",
https://www.linkedin.com/company/magnetreklamer-dk,,Magnetreklamer.dk,,
https://www.linkedin.com/company/l.-j.-brumpton,http://www.ljbrumpton.com,L. J. Brumpton,,
https://www.linkedin.com/company/northerns-plumbing-supplies,http://northerns.com.au,Northerns Plumbing Supplies,,
https://www.linkedin.com/company/dolphin-techno,http://www.dolphintechno.com,Dolphin Techno,"[1, 10]",24
https://www.linkedin.com/company/ventechnique-limited,http://www.ventechnique.co.uk/,VENTECHNIQUE LIMITED,"[1, 10]",
https://www.linkedin.com/company/dept-of-natural-sciences-university-gloucestershire,,dept of Natural sciences  University Gloucestershire,,
https://www.linkedin.com/company/luminary-solutions,http://www.luminaryrph.com/,Luminary Solutions,"[51, 200]",
https://www.linkedin.com/company/trantor-vg-s-l,http://www.trantorvg.com,Trantor VG S.L.U,,
https://www.linkedin.com/company/edison-technical-high-school,,Edison Technical High School,"[1, 10]",2
https://www.linkedin.com/company/líder-ingressos-online,,,,
https://www.linkedin.com/company/original-cultures,http://www.originalcultures.org/,ORIGINAL CULTURES,"[1, 10]",
https://www.linkedin.com/company/allcad-gmbh,http://www.allcad.de,ALLCAD GmbH,"[51, 200]",311
https://www.linkedin.com/company/celticpridemanufacturingltd.,http://www.celticpride.ca,Celtic Pride Manufacturing Ltd.,"[11, 50]",240
https://www.linkedin.com/company/power-performance-inc.,,,,
https://www.linkedin.com/company/abl-marketing-em-eventos,http://www.abl.com.br/,ABL EVENTOS,"[1, 10]",274
https://www.linkedin.com/company/plus-foundry,,,,
https://www.linkedin.com/company/top-trade,http://toptrade.com.pk,Top Trade,,
https://www.linkedin.com/company/pep-partnership-llp,http://www.pep-partnership.co.uk,PEP Partnership LLP,"[1, 10]",
https://www.linkedin.com/company/dyhard-productions-ltd,http://www.dyhardproductions.com,DyHard Productions Ltd,"[1, 10]",10
https://www.linkedin.com/company/aloha-airlines,http://www.alohaairlines.com,Aloha Airlines,"[1001, 5000]",
https://www.linkedin.com/company/ephrata-foursquare-church,,Ephrata Foursquare Church,"[1, 10]",
https://www.linkedin.com/company/a-candle-in-the-night-inc,http://www.acandleinthenight.com,A Candle In The Night Inc,"[1, 10]",7
https://www.linkedin.com/company/avanzaenred-com,,avanzaenred.com,"[1, 10]",6
https://www.linkedin.com/company/puente-hills-pontiac-gmc-buick,,Puente Hills Pontiac GMC Buick,"[1, 10]",4
https://www.linkedin.com/company/vrp-hill-knowlton-strategies,,,,
https://www.linkedin.com/company/oak-tree-software-inc,http://www.oaktreesw.com,Oak Tree Software Inc,"[11, 50]",8
https://www.linkedin.com/company/brandvibes-media,http://brandvibesmedia.com/,BrandVibes Media,"[1, 10]",12
https://www.linkedin.com/company/alexander-van-berge-photography,http://www.alexandervanberge.nl,alexander van berge photography,"[1, 10]",
https://www.linkedin.com/company/atplab,http://www.atplab.it,ATPLAB,"[1, 10]",
https://www.linkedin.com/company/cadelle-leather,http://www.shop.cadelleleather.com.au,Cadelle Leather,"[11, 50]",92
https://www.linkedin.com/company/co-bikes,http://www.co-bikes.co.uk,Co Bikes,"[11, 50]",51
https://www.linkedin.com/company/orthovita,http://www.orthovita.com,Orthovita,"[51, 200]",2797
https://www.linkedin.com/company/westech-associates,http://www.westechassociates.com,Westech Associates,"[1, 10]",
https://www.linkedin.com/company/jagiello-design-house,,Jagiello Design House,,
https://www.linkedin.com/company/nutrition-hub,http://www.nutrition-hub.com,NUTRITION HUB,"[1, 10]",5764
https://www.linkedin.com/company/mats-minerals-&-logistics-p-ltd.,,,,
https://www.linkedin.com/company/giveo,,,,
https://www.linkedin.com/company/memsensing-microsystems-co.-ltd.,http://www.MEMSensing.com,"MEMSensing Microsystems Co., Ltd.","[11, 50]",
https://www.linkedin.com/company/nektar-therapeutics,http://www.nektar.com,Nektar Therapeutics,"[501, 1000]",18568
https://www.linkedin.com/company/eagle-translations,http://www.eagletranslations.nl,Eagle Translations,,146
https://www.linkedin.com/company/bethany-baptist-chapel,http://www.bethanybaptistchapel.org,Bethany Baptist Chapel,"[1, 10]",2
https://www.linkedin.com/company/kenya-private-investigator,http://kenyaprivateinvestigator.com,Kenya Private Investigator,"[11, 50]",286
https://www.linkedin.com/company/india-restaurant-tandoori-taste-und-catering-e-k-,http://www.tandoori-taste.de,India Restaurant Tandoori Taste und Catering e.K.,"[1, 10]",47
https://www.linkedin.com/company/robb-grindstaff-editing,http://www.robbgrindstaff.com,Robb Grindstaff Editing,"[1, 10]",
https://www.linkedin.com/company/adults-with-developmental-disabilities-add-,,Adults With Developmental Disabilities (ADD),"[11, 50]",18
https://www.linkedin.com/company/affinity-capital-advisors,,,,
https://www.linkedin.com/company/zip-news,,,,
https://www.linkedin.com/company/led-electronics-ug-haftungsbeschränkt,,,,
https://www.linkedin.com/company/outback-kayak-co,,Outback Kayak Co,"[1, 10]",1
https://www.linkedin.com/company/joseph-joe-b.-benintende-iii-music-composition,,"Joseph ""Joe B."" Benintende III Music Composition",,
https://www.linkedin.com/company/delos-international-inc,http://www.delosmusic.com,Delos International Inc,"[1, 10]",1
https://www.linkedin.com/company/crafts-n-things,,Crafts N Things,"[11, 50]",3
https://www.linkedin.com/company/sangam-weavers-&-apparels-pvt-ltd---india,,,,
https://www.linkedin.com/company/l-heure-juste-du-camionneur-lhjdc-média,,L'heure juste du camionneur LHJDC Média,"[1, 10]",37
https://www.linkedin.com/company/kess-industries-inc,,Kess Industries Inc,"[1, 10]",
https://www.linkedin.com/company/vivekanand-public-school,,VIVEKANAND PUBLIC SCHOOL,"[11, 50]",273
https://www.linkedin.com/company/conrad-von-soest-gymnasium,http://www.convos.de,Conrad-von-Soest-Gymnasium,,8
https://www.linkedin.com/company/arka-tasarım-mimarlık-dekorasyon-reklam-sanayi-ve-tic-ltd-şti-,,,,
https://www.linkedin.com/company/areim,https://www.areim.se/en/start/,Areim,"[51, 200]",914
https://www.linkedin.com/company/precision-electrical-systems-inc.,http://precisionelectricalsystems.com,"PRECISION ELECTRICAL SYSTEMS, INC.","[1, 10]",2
https://www.linkedin.com/company/domaingo-inc,,,,
https://www.linkedin.com/company/tanya-love-portrait,http://tanyaloveportrait.com.au,Tanya Love Portrait,"[1, 10]",2
https://www.linkedin.com/company/uniglobe-inhouse-travel,,Uniglobe Inhouse Travel,"[1, 10]",
https://www.linkedin.com/company/pro-drive-quality-recruitment-limited,,PRO-DRIVE QUALITY RECRUITMENT LIMITED,,3
https://www.linkedin.com/company/reklo-sondaj,http://www.reklosondaj.com,Reklo Sondaj,"[1, 10]",
https://www.linkedin.com/company/damac-consultoria-em-gestão-empresarial,http://www.damac.com.br,DAMAC Consultoria em Gestão Empresarial,"[1, 10]",
https://www.linkedin.com/company/arkel-computer-services-limited,http://www.arkel.co.uk/,ARKEL COMPUTER SERVICES LIMITED,"[1, 10]",
https://www.linkedin.com/company/choice-wood-company,,,,
https://www.linkedin.com/company/doherty-couplers-and-attachments,http://www.dohertydirect.net,Doherty Couplers and Attachments,"[11, 50]",528
https://www.linkedin.com/company/ferramenta-pugliese-s.r.l.,,FERRAMENTA PUGLIESE S.R.L.,"[11, 50]",9
https://www.linkedin.com/company/art-&-design-market,http://www.artplus.io,artplus inc.,"[1, 10]",115
https://www.linkedin.com/company/happy-hour-films,http://HappyHourFilms.com,Happy Hour Films,"[1, 10]",
https://www.linkedin.com/company/trump-international-hotel-washington-d.c.,http://TRUMPHOTELS.COM/WASHINGTON-DC,"Trump International Hotel Washington, D.C.","[201, 500]",1502
https://www.linkedin.com/company/global-words-dienstleistungs-gmbh,http://globalwords.de,global words Dienstleistungs GmbH,,
https://www.linkedin.com/company/airbooth.io,,,,
https://www.linkedin.com/company/colemans-grocery,http://www.colemans.ca/,Colemans Grocery,"[1, 10]",7
https://www.linkedin.com/company/mcallister-construction-company-inc.,http://www.movethedirt.com,"McAllister Construction Company, Inc.",,
https://www.linkedin.com/company/dma-talent,https://www.dma.org.uk/talent,DMA Talent,"[1, 10]",446
https://www.linkedin.com/company/humanus-haus,http://www.humanus-haus.ch,Humanus Haus,,
https://www.linkedin.com/company/mullin-landscape-associates-llc-,,,,
https://www.linkedin.com/company/koopmijn,http://www.koopmijn-groep.nl/,KoopMijn,,
https://www.linkedin.com/company/paulnet-group-llc,http://www.paulnet.net,"PaulNet Group, LLC","[1, 10]",4
https://www.linkedin.com/company/hempfarmacy,http://www.HempFarmacyFranchise.com,"The Hemp Farmacy, Inc.","[11, 50]",275
https://www.linkedin.com/company/nilai-international-university,,,,
https://www.linkedin.com/company/quantum-innovative-technologies,,,,
https://www.linkedin.com/company/the-ivy-clinic,http://www.theivyclinic.co.uk,The Ivy Clinic,,
https://www.linkedin.com/company/park-laundry-08-limited,http://www.scarborough-laundry.co.uk/,PARK LAUNDRY 08 LIMITED,"[1, 10]",
https://www.linkedin.com/company/kenesson-design,http://www.kenessondesign.com,Kenesson Design,"[1, 10]",1
https://www.linkedin.com/company/indeseyen,http://www.indeseyen.nl,INDESEYEN,,7
https://www.linkedin.com/company/stealth-computers,,Stealth Computers,"[1, 10]",2
https://www.linkedin.com/company/1st-call-healthcare-ltd,http://www.firstcall-healthcare.co.uk/,1st Call Healthcare Ltd,"[1, 10]",
https://www.linkedin.com/company/bbg-colombia,http://basculasguadalupe.com,BBG COLOMBIA,,
https://www.linkedin.com/company/infofinder-as,http://www.infofinder.no,InfoFinder AS,"[11, 50]",
https://www.linkedin.com/company/rip-medical-debt,https://ripmedicaldebt.org,RIP Medical Debt,"[11, 50]",
https://www.linkedin.com/company/ashford-suites-hotel,http://www.ashfordsuites.com,Ashford Suites Hotel,"[11, 50]",2
https://www.linkedin.com/company/dunne-group-the,,Dunne Group The,"[1, 10]",
https://www.linkedin.com/company/the-m&a-advisor,,,,
https://www.linkedin.com/company/the-global-marketplace-group,,,,
https://www.linkedin.com/company/sri-krishna-industries---india,http://srikrishnaindustries.com,Sri Krishna Industries - India,,
https://www.linkedin.com/company/zimtrade,http://www.tradezimbabwe.com,ZimTrade,"[11, 50]",340
https://www.linkedin.com/company/habitualimobiliária,,,,
https://www.linkedin.com/company/clairity,http://www.clairitynow.com,Clairity,,
https://www.linkedin.com/company/k-ray-financial-services,http://krops.net,K. Ray Financial Services,"[1, 10]",
https://www.linkedin.com/company/choosing-wisely-australia,http://www.choosingwisely.org.au/,Choosing Wisely Australia,"[1, 10]",
https://www.linkedin.com/company/-chefkoch-lunch-der-aussergewöhnliche-lunch-in-zürich-,,,,
https://www.linkedin.com/company/dixie-saloon,http://www.dixiesaloon.com,Dixie Saloon,"[11, 50]",14
https://www.linkedin.com/company/universidad-simon-bolivar-de-barranquilla,http://www.unisimonbolivar.edu.co,Universidad Simon Bolivar de Barranquilla,"[501, 1000]",
https://www.linkedin.com/company/newton-advertising-&-design,,,,
https://www.linkedin.com/company/national-space-centre,http://www.spacecentre.co.uk,National Space Centre,"[51, 200]",1026
https://www.linkedin.com/company/alto-sign-&-display,,,,
https://www.linkedin.com/company/dentist-elly-amir,http://dentist-elly-amir.co.uk,Dentist Elly Amir,,
https://www.linkedin.com/company/ghef,,,,
https://www.linkedin.com/company/nobrand-israel,,,,
https://www.linkedin.com/company/pitt-town-childcare,http://pitttownchildcare.com.au,Pitt Town Childcare,,3
https://www.linkedin.com/company/associação-brasileira-de-beleza,,,,
https://www.linkedin.com/company/tokenspin-s.a.,,,,
https://www.linkedin.com/company/offtek-as,http://www.offtek.no,OffTek AS,,
https://www.linkedin.com/company/reishus-management,,Reishus Management,"[1, 10]",
https://www.linkedin.com/company/finance-pro-2-0,,,,
https://www.linkedin.com/company/bohlin-instruments-inc,,Bohlin Instruments Inc,"[11, 50]",1
https://www.linkedin.com/company/msi-business-academy,,MSI Business Academy,"[11, 50]",
https://www.linkedin.com/company/virginia-art-expo,,Virginia Art Expo,"[1, 10]",2
https://www.linkedin.com/company/monte-verde-empreendimentos,http://monteverdeempreendimentos.com.br,Monte Verde Empreendimentos,"[11, 50]",3
https://www.linkedin.com/company/global-bulk-bag-llc,http://globalbulkbag.com,Global Bulk Bag LLC,"[1, 10]",
https://www.linkedin.com/company/christopher-randle-poole,http://christopher-randle-poole.b4r-uk.com,Christopher Randle Poole,,
https://www.linkedin.com/company/top-dog-advisors-llc,,Top Dog Advisors LLC,"[1, 10]",
https://www.linkedin.com/company/rennie-construction,http://www.yelp.com/biz/rennie-construction-stockton,Rennie Construction,"[1, 10]",2
https://www.linkedin.com/company/g-i-enterprises1,,G.I Group,"[501, 1000]",126
https://www.linkedin.com/company/centrasia-trade-llp,http://centrasiatrade.kz/,Centrasia Trade LLP,"[11, 50]",23
https://www.linkedin.com/company/bintang-fairlane-residences,http://www.fairlanehospitality.com,Bintang Fairlane Residences,"[201, 500]",
https://www.linkedin.com/company/trsut-rugby-international,,Trust Rugby,"[1, 10]",
https://www.linkedin.com/company/thingfully,http://thingfully.com,Thingfully,"[1, 10]",
https://www.linkedin.com/company/texas-thoroughbred-assn,http://www.texasthoroughbred.com,Texas Thoroughbred Assn,"[1, 10]",8
https://www.linkedin.com/company/a-pinch-of-salt-limited,,A PINCH OF SALT LIMITED,"[11, 50]",4
https://www.linkedin.com/company/agencja-city-media,http://www.yourewelcome.pl,Agencja You're Welcome,,198
https://www.linkedin.com/company/the-watch-water-fishery,http://watchfishery.co.uk,The Watch Water Fishery,,
https://www.linkedin.com/company/pole-tes-transactions-electroniques-securisees,http://www.pole-tes.com,Pôle TES,"[1, 10]",545
https://www.linkedin.com/company/ritchey-cox-hollis-mock-klein,http://ritcheycox.com/,Ritchey Cox Hollis Mock Klein,"[1, 10]",1
https://www.linkedin.com/company/team-kick-start-ltd,https://www.kickstarter.com/terms-of-use,Team Kick Start Ltd,"[1, 10]",
https://www.linkedin.com/company/holy-rood,,Holy Rood,"[1, 10]",
https://www.linkedin.com/company/lukey-resources,http://www.lukey.co.nz,Lukey Resources,,
https://www.linkedin.com/company/codefe,http://www.codefe.org,University of the future,"[1, 10]",
https://www.linkedin.com/company/parmusic-group,http://parmusic.com,ParMusic Group,"[1, 10]",
https://www.linkedin.com/company/hewitec,http://hewitec.de,HEWITEC,,
https://www.linkedin.com/company/sheppard-carol,,Sheppard Carol,"[1, 10]",
https://www.linkedin.com/company/pflege-consult,http://www.pflegeconsult.de,Pflege Consult,,
https://www.linkedin.com/company/landmark-capital-properties-inc.,,Landmark Capital Properties Inc.,,
https://www.linkedin.com/company/total-flood-solutions,http://www.defencedoors.com,Defence Doors International Limited,"[11, 50]",34
https://www.linkedin.com/company/studio-125,http://www.studio125.co,Studio 125,"[1, 10]",52
https://www.linkedin.com/company/comune-di-casatenovo,http://comune.casatenovo.lc.it,comune di casatenovo,,
https://www.linkedin.com/company/team-hyundai1,,Team Hyundai,,12
https://www.linkedin.com/company/clublabs,http://www.clublabs.com,ClubLabs,"[51, 200]",1295
https://www.linkedin.com/company/claudia-polo,http://www.claudiapolo.com,Claudia Polo,,
https://www.linkedin.com/company/association-of-podiatrists-of-malta,http://www.podiatry.org.mt,Association of Podiatrists of Malta,"[1, 10]",
https://www.linkedin.com/company/roland-lawn-service,,Roland Lawn Service,"[1, 10]",
https://www.linkedin.com/company/decor-ware-inc,http://www.dwhome.com/,Decor Ware Inc,"[1, 10]",59
https://www.linkedin.com/company/gpb-building-design,,,,
https://www.linkedin.com/company/procon-management-gmbh,http://procon-management.de,ProCon Management GmbH,"[11, 50]",1816
https://www.linkedin.com/company/tourist-photoshop,http://www.surinametouragent.com/,Suriname Tour Agent ONLINE,"[1, 10]",
https://www.linkedin.com/company/aporte-economia---portal-de-not-cias,,,,
https://www.linkedin.com/company/associated-landscape,http://associatedlandscapeservices.com,Associated Landscape,"[1, 10]",
https://www.linkedin.com/company/gm3d,http://www.gm3d.it,GM3D,,1
https://www.linkedin.com/company/angelique-de-paris-inc,http://angeliquedeparis.com,Angelique De Paris Inc,"[1, 10]",3
https://www.linkedin.com/company/aston-packaging-corp,http://www.astonpackaging.com,Aston Packaging Corp,"[1, 10]",1
https://www.linkedin.com/company/in-tickets,http://www.intickets.net,In Tickets,"[1, 10]",9
https://www.linkedin.com/company/fine-arts-industries,,Fine Arts Industries,"[1, 10]",2
https://www.linkedin.com/company/atlantic-fence-co,http://atlanticfencecompany.com/,Atlantic Fence Co,"[11, 50]",6
https://www.linkedin.com/company/sagacious-associates-ltd,,Sagacious Associates Ltd,"[1, 10]",
https://www.linkedin.com/company/la-tortilleria-foods,http://www.latortilleria.ca,La Tortilleria,"[11, 50]",68
https://www.linkedin.com/company/auto---elektrik---berlin,http://autoelektrik-berlin.de,Auto - Elektrik - Berlin,,
https://www.linkedin.com/company/icestone-llc,http://www.icestoneusa.com,IceStone,"[11, 50]",452
https://www.linkedin.com/company/susanne-bergk,http://ra-bergk.de,Susanne Bergk,,
https://www.linkedin.com/company/catena-trustees-limited,,CATENA TRUSTEES LIMITED,,
https://www.linkedin.com/company/saint-francis-cooling-inc,,Saint Francis Cooling Inc,"[1, 10]",
https://www.linkedin.com/company/rsm-germany-awt-audit-wirtschafts-treuhand-ag,,,,
https://www.linkedin.com/company/earthen-life,http://earthenlife.com,Earthen Life,"[1, 10]",
https://www.linkedin.com/company/perkin-elmer-corp,,,,
https://www.linkedin.com/company/ivaem-college,http://ivaempr.com,IVAEM College,"[11, 50]",
https://www.linkedin.com/company/hoos-gmbh,http://www.hoos-gmbh.de,Hoos GmbH,,1
https://www.linkedin.com/company/caitlin-schlichting---digital-marketer,https://6figuremarketingconsultant.com,Caitlin Schlichting - Digital Marketer,"[1, 10]",
https://www.linkedin.com/company/critter-cab-&-pet-service,,,,
https://www.linkedin.com/company/tian-yi-ii,,Tian Yi Ii,"[1, 10]",9
https://www.linkedin.com/company/cognac-louis-bouron,http://cognac-louisbouron.com,Cognac Louis Bouron,,
https://www.linkedin.com/company/salesperson-centric,,,,
https://www.linkedin.com/company/arthrex-austria-gesmbh,http://www.arthrex.at,Arthrex Austria GesmbH,"[11, 50]",186
https://www.linkedin.com/company/portside-co,http://www.portside.co,"Portside, Inc.","[11, 50]",428
https://www.linkedin.com/company/dbl-asset-management,http://www.dbl-am.com/,DBL Asset Management,"[1, 10]",38
https://www.linkedin.com/company/deweese-grove-and-associates-inc-,http://deweese-grove.com,DeWeese Grove and Associates Inc.,"[1, 10]",
https://www.linkedin.com/company/sape-online,http://www.sape-online.com,SAPE Second oeuvre du bâtiment,"[11, 50]",
https://www.linkedin.com/company/hisio,https://www.hisio.mu,HISIO,"[1, 10]",39
https://www.linkedin.com/company/biscat-abdullah-a.-al-barrak-&-sons-co.-for-trading-services-,,,,
https://www.linkedin.com/company/kobborg-consult,http://www.kobborg.dk,Kobborg Consult,"[1, 10]",
https://www.linkedin.com/company/shree-paint-industries---india,http://shreepaints.co.in,Shree Paint Industries - India,,4
https://www.linkedin.com/company/promogo,,,,
https://www.linkedin.com/company/joint-carpentry-apprenticeship,,Joint Carpentry Apprenticeship,"[1, 10]",16
https://www.linkedin.com/company/maa-of-spartanburg,,MAA of Spartanburg,"[1, 10]",
https://www.linkedin.com/company/wisesystems-o-,,WiseSystems OÜ,,
https://www.linkedin.com/company/inobit,http://www.inobit.nl,Inobit,"[1, 10]",
https://www.linkedin.com/company/punta-hermosa-development,http://www.landassurance.com,Punta Hermosa Development,"[1, 10]",
https://www.linkedin.com/company/hotel-anging-mammiri,,,,
https://www.linkedin.com/company/idaho-skin-surgery-center-p.c.,http://idahoskinsurgerycenter.com,"IDAHO SKIN SURGERY CENTER, P.C.","[1, 10]",5
https://www.linkedin.com/company/complete-mailing-solutions,http://www.comp-mail.com/,Complete Mailing Solutions,"[1, 10]",2
https://www.linkedin.com/company/venturegrow,http://www.trenwestcorp.com,"Trenwest Development, LLC",,
https://www.linkedin.com/company/cosmo-realty-group,http://www.crgrealestateadvisors.com,Cosmo Realty Group,"[1, 10]",30
https://www.linkedin.com/company/the-advocate-messenger,,,,
https://www.linkedin.com/company/zg-therapy-llc,http://zgtherapy.com,"ZG Therapy, LLC","[1, 10]",5
https://www.linkedin.com/company/collegiate-mail-svc,,Collegiate Mail Svc,"[1, 10]",
https://www.linkedin.com/company/laurel-street-center,,LAUREL STREET CENTER,"[11, 50]",8
https://www.linkedin.com/company/appe-france,,APPE FRANCE,,36
https://www.linkedin.com/company/liquid-fill,,Liquid Fill,,
https://www.linkedin.com/company/fresh-wear,,Fresh Wear,"[1, 10]",3
https://www.linkedin.com/company/account-mgmt,,Account Mgmt,"[1, 10]",2
https://www.linkedin.com/company/helicopter-fleet,http://charter-a-helicopter.co.uk,Helicopter Fleet,,
https://www.linkedin.com/company/stockspy-apps-inc-,http://www.stock-spy.com,StockSpy Apps Inc.,"[1, 10]",
https://www.linkedin.com/company/felin-fawr-cyf,,FELIN FAWR CYF,"[1, 10]",3
https://www.linkedin.com/company/faulkner-strategies,,,,
https://www.linkedin.com/company/responsive-lending,https://responsivelending.com.au,Responsive Lending,"[1, 10]",30
https://www.linkedin.com/company/new-wave-bedrooms,,New Wave Bedrooms,"[1, 10]",
https://www.linkedin.com/company/dotgraf-®,,,,
https://www.linkedin.com/company/the-sugar-beet-co-op,https://sugarbeetcoop.squarespace.com,Sugar Beet Food Co-op,"[11, 50]",217
https://www.linkedin.com/company/insurance-mart-of-ohio,,Insurance Mart of Ohio,"[1, 10]",2
https://www.linkedin.com/company/florida-renewable-energy-association-frea-,http://cleanenergyflorida.org/,Florida Renewable Energy Association (FREA),"[11, 50]",154
https://www.linkedin.com/company/d-c-home-improvement-inc-,,"D. C. HOME IMPROVEMENT, INC.","[1, 10]",3
https://www.linkedin.com/company/soforthomepage,http://www.soforthomepage.de,Soforthomepage,,
https://www.linkedin.com/company/tccu,http://towncountrycu.com,TCCU,,
https://www.linkedin.com/company/ocean-alternative-education,https://oc-losd-ca.schoolloop.com/,Ocean Alternative Education,"[1, 10]",3
https://www.linkedin.com/company/dilani-&-co-limited,,,,
https://www.linkedin.com/company/international-assn-of-culinary,http://www.iacp.com/,International Assn Of Culinary,"[1, 10]",1
https://www.linkedin.com/company/z-advertising-branding-&-design,,,,
https://www.linkedin.com/company/华森家具有限公司,http://www.huasenjiaju.com,华森家具有限公司,,
https://www.linkedin.com/company/studio-tributario-e-societario-solofra-&-co.,,,,
https://www.linkedin.com/company/rishabh-fun-and-learn-educational-drive,,Rishabh Fun and Learn Educational Drive,,
https://www.linkedin.com/company/playford-learning-centre,,Playford Learning Centre,,
https://www.linkedin.com/company/dbc-marine,https://www.dbcmarine.com,DBC Marine,"[1, 10]",13
https://www.linkedin.com/company/multi-electrical-services,http://www.multielectrical.com,"Multi Electrical Services, Inc.","[11, 50]",35
https://www.linkedin.com/company/aedi-interior,http://aedishop.com,AEDI INTERIOR,,
https://www.linkedin.com/company/elizabeth-lane-oliver-center-for-the-arts,http://oliverartcenterfrankfort.org,Elizabeth Lane Oliver Center for the Arts (Oliver Art Center),"[1, 10]",
https://www.linkedin.com/company/proactiveworld,,,,
https://www.linkedin.com/company/mc2solutionspl,,,,
https://www.linkedin.com/company/pierre-xavier,http://www.pierreimoveis.com,Pierre Imóveis | CRECI 24999 J,"[1, 10]",26
https://www.linkedin.com/company/business-radio-services-sa-,,Business Radio Services (SA),,
https://www.linkedin.com/company/gratitudepoint.com,https://ThankYouHub.Com,GratitudePoint.Com,"[1, 10]",
https://www.linkedin.com/company/brand-attraction-ltd,http://www.brandattraction.co.uk,Brand Attraction Ltd,,
https://www.linkedin.com/company/wheelsports-specials,http://www.wheelsports.de,Wheelsports Specials,,
https://www.linkedin.com/company/kra-management-services-limited,,KRA MANAGEMENT SERVICES LIMITED,,
https://www.linkedin.com/company/m-f-int-service,,M.F.INT.SERVICE,,1
https://www.linkedin.com/company/plaztech-industries,http://myduct.com.au,Plaztech Industries,,5
https://www.linkedin.com/company/aspiration-decorations-and-event-planning,http://www.aspiration.ro,ASPIRATION - event planning and design,"[1, 10]",
https://www.linkedin.com/company/travel-with-abundance,http://www.travelwithabundance.com,Travel With Abundance,,
https://www.linkedin.com/company/privatel-inc,http://www.privatel.com,Privatel Inc,,
https://www.linkedin.com/company/grupo-hotelero-de-las-sierras-s.r.l.,http://www.noposee.com.ar,Grupo Hotelero de las Sierras S.R.L.,"[11, 50]",
https://www.linkedin.com/company/fleet-st.,,,,
https://www.linkedin.com/company/fengye-holding-group-coltd,http://www.fywpc.com,FENGYE HOLDING GROUP COLTD,,1
https://www.linkedin.com/company/badger-fruit-europe-bv,,,,
https://www.linkedin.com/company/maricho,http://www.maricho.com,Maricho,,
https://www.linkedin.com/company/gaststätte-els,,,,
https://www.linkedin.com/company/health-systems-mn,http://www.allinahealth.org/,Health Systems Mn,"[1, 10]",
https://www.linkedin.com/company/veposolutions,http://www.VEPOsolutions.com,VEPO Solutions,"[51, 200]",246
https://www.linkedin.com/company/malabar-public-school,http://malabarpublicschool.com,Malabar Public School,,1
https://www.linkedin.com/company/dikker-&-thijs-fenice-hotel,,,,
https://www.linkedin.com/company/robert-leveritt-sound-recordist,http://www.robertleverittphotography.com,robert leveritt sound recordist,,
https://www.linkedin.com/company/nv-sportinrichtingen-nieuwegein,http://www.merwestein.nl,NV Sportinrichtingen Nieuwegein,"[51, 200]",82
https://www.linkedin.com/company/charcoal-briquette-production-plant,http://www.charcoalbriquettemachine.com/product/charcoal-briquetting-machinery/charcoal-briquetting-plant.html,Charcoal Briquette Production Plant,,
https://www.linkedin.com/company/abril-comunicacoes,http://abril.com.br,Abril Comunicacoes,"[1001, 5000]",192
https://www.linkedin.com/company/connect-dme,http://connectdme.com/,Connect DME,"[51, 200]",50
https://www.linkedin.com/company/gmc-iklimlendirme-sist-ltd-ti,,GMC İKLİMLENDİRME SİST.LTD ŞTİ,,
https://www.linkedin.com/company/ketelo-grc-services,http://www.ketelo.co.za,Ketelo GRC Services,"[1, 10]",
https://www.linkedin.com/company/sc-ne-concept,http://www.scene-concept.com,Scène-concept,"[1, 10]",
https://www.linkedin.com/company/thompson-sound-inc,http://thompsonsound.com/,Thompson Sound Inc,"[1, 10]",2
https://www.linkedin.com/company/wjb-baumanagement-gmbh-&-co-kg,,,,
https://www.linkedin.com/company/goings-farms,,Goings Farms,"[1, 10]",2
https://www.linkedin.com/company/yeagle-drywall-co,,Yeagle Drywall Co,"[11, 50]",
https://www.linkedin.com/company/swoleline-active-apparel,,Swoleline Active Apparel,"[51, 200]",
https://www.linkedin.com/company/resiliens-brutos-ltda,http://resiliensbrutos.com.br/index.php,Resiliens Brutos Ltda,"[1, 10]",31
https://www.linkedin.com/company/identity-med-spa-and-salon,http://www.identitydayspa.com,Identity Med Spa and Salon,"[1, 10]",10
https://www.linkedin.com/company/pacific-geological-services,http://www.pacificgeoservices.com,Pacific Geological Services,"[1, 10]",117
https://www.linkedin.com/company/creative-3d-as,http://www.creative3D.no,Creative 3D AS,"[1, 10]",20
https://www.linkedin.com/company/southwest-landscape-inc,http://southwestlandscapeinc.com,SOUTHWEST LANDSCAPE INC,"[1, 10]",6
https://www.linkedin.com/company/tiny-the-creative-task-force,http://betiny.es/,"Tiny, The Creative Force.","[1, 10]",297
https://www.linkedin.com/company/bartelsworth-productions-llc,http://www.bartelsworth.com,"Bartelsworth Productions, LLC","[1, 10]",
https://www.linkedin.com/company/stage-rental,http://www.camelotspecialevents.com/StageRental.htm,Event Stages,"[11, 50]",10
https://www.linkedin.com/company/dlz-keuterling,,DLZ Keuterling,"[1, 10]",
https://www.linkedin.com/company/low-frequency-electro-magnetic-research-ltd,http://.,Low Frequency Electro-Magnetic Research Ltd,"[1, 10]",
https://www.linkedin.com/company/ponte-sul-informatica,http://infochd.com.br,Ponte Sul Informatica,"[51, 200]",21
https://www.linkedin.com/company/promar-projetos-de-instalações-hidráulicas-e-elétricas,,,,
https://www.linkedin.com/company/petroxin-ltd-,http://www.petroxin.org,PETROXIN,"[11, 50]",
https://www.linkedin.com/company/adam-lowe,https://adamlowe.com,Adam Lowe,"[1, 10]",
https://www.linkedin.com/company/mar-arquitetura,http://mararquitetura.com.br/,MAR Arquitetura,"[11, 50]",148
https://www.linkedin.com/company/swiminent,,Swiminent,,
https://www.linkedin.com/company/professional-xerographic-svc,,PROFESSIONAL Xerographic Svc,"[1, 10]",1
https://www.linkedin.com/company/san-antonio-homes,http://www.sanantonio.homes,San Antonio Homes,"[1, 10]",55
https://www.linkedin.com/company/red-matter-inc.,,Red Matter Inc.,"[1, 10]",
https://www.linkedin.com/company/glastechnik-sigl,http://www.glastechnik-sigl.de,Glastechnik Sigl,,
https://www.linkedin.com/company/cb-flooring-instl,,CB Flooring Instl,"[1, 10]",2
https://www.linkedin.com/company/icon-search-and-selection-limited,http://www.iconsearchandselection.com/,Icon Search and Selection Limited,"[1, 10]",
https://www.linkedin.com/company/nirki,http://www.nirki.com,Nirki,"[1, 10]",
https://www.linkedin.com/company/your-wp-team,https://acclaim.agency/,Acclaim,,93
https://www.linkedin.com/company/manar-consulting-limited,,MANAR CONSULTING LIMITED,,4
https://www.linkedin.com/company/paceuniversity-collegeofhealthprofessions,http://www.pace.edu/chp,Pace University - College of Health Professions,"[201, 500]",669
https://www.linkedin.com/company/survi-projects---india,http://surviprojects.com,Survi Projects - India,,
https://www.linkedin.com/company/colegio-de-farmac-uticos-de-la-pcia.-de-bs.-as.,http://www.colfarma.org.ar,Colegio de Farmacéuticos de la Pcia. de Bs. As.,"[51, 200]",
https://www.linkedin.com/company/bowie-resource-partners-llc,http://bowieresources.com,"Bowie Resource Partners, LLC","[11, 50]",195
https://www.linkedin.com/company/widoczne-dziecko,http://www.widocznedziecko.pl,Widoczne Dziecko,"[1, 10]",
https://www.linkedin.com/company/low-cost-cleaning-limited,http://www.lowcostcleaningsupplies.co.uk,LOW COST CLEANING LIMITED,,
https://www.linkedin.com/company/afforditnow,,,,
https://www.linkedin.com/company/lindas-ceramics,,Lindas Ceramics,"[1, 10]",
https://www.linkedin.com/company/audiadis-sa,http://www.audiadis.com,AUDIADIS,"[51, 200]",322
https://www.linkedin.com/company/gondwana-dmc's,http://www.nordicinspiration.travel,NORDIC INSPIRATION TRAVEL,"[1, 10]",
https://www.linkedin.com/company/ewing-aquatech-pools-inc,http://www.ewingaquatech.com,Ewing Aquatech Pools Inc,"[1, 10]",2
https://www.linkedin.com/company/organisemee,http://organisemee.com,Organisemee,,
https://www.linkedin.com/company/mm-architektin,http://www.mm-architektin.de,MM-Architektin,,
https://www.linkedin.com/company/bodas-divinas,,,,
https://www.linkedin.com/company/hilderhunt-consulting,http://www.hilderhunt.com,Hilderhunt,,
https://www.linkedin.com/company/rechtsanwalt-marten,http://www.marten-rechtsanwalt.de,Rechtsanwalt Marten,,
https://www.linkedin.com/company/epochal-artists-records,http://merelli.com,Epochal Artists Records,"[1, 10]",
https://www.linkedin.com/company/netwave-llc,http://www.netwave.ua,Netwave LLC,"[51, 200]",
https://www.linkedin.com/company/gollys-pfoetchenwelt,http://www.gollys-pfoetchenwelt.de,Gollys Pfoetchenwelt,,
https://www.linkedin.com/company/shamrock-audio,,Shamrock Audio,"[1, 10]",
https://www.linkedin.com/company/living-smile,http://livingsmile.vn,Living Smile,"[11, 50]",2
https://www.linkedin.com/company/h60-business-center,https://www.facebook.com/H60businesscenter/,H60 Business Center,"[1, 10]",
https://www.linkedin.com/company/latteral-consulting-ltd,,LATTERAL CONSULTING LTD,"[1, 10]",
https://www.linkedin.com/company/strawberry-fields-nursery-school-limited,http://www.strawberryfields.org.in/,STRAWBERRY FIELDS NURSERY SCHOOL LIMITED,"[1, 10]",8
https://www.linkedin.com/company/tradecloud,http://tradecloud.mx,Trade Cloud,"[1, 10]",29
https://www.linkedin.com/company/balkan-internet-company,http://www.balkaninternetcomapny.com/,Balkan Internet Company,"[11, 50]",
https://www.linkedin.com/company/information-tickets-&-travel,,,,
https://www.linkedin.com/company/cuesta-technologies,http://www.cuesta.com/,Cuesta Technologies,"[1, 10]",4
https://www.linkedin.com/company/best-beach-title,http://www.bestbeachtitle.net/,Best Beach Title,"[11, 50]",20
https://www.linkedin.com/company/beauty-salon-iris,,Beauty Salon Iris,,
https://www.linkedin.com/company/7winkels,,,,
https://www.linkedin.com/company/adi-designs-pvt.-ltd.,http://www.adidpl.com,Adi Designs Pvt. Ltd.,"[11, 50]",88
https://www.linkedin.com/company/homefixxers-home-repair-handyman-services,,Homefixxers Home Repair / Handyman Services,,
https://www.linkedin.com/company/digital-vision-eood,,Digital Vision EOOD,,
https://www.linkedin.com/company/telemed-ventures,http://telemedicineventures.com/index.html,Telemed Ventures,,
https://www.linkedin.com/company/stanley-,,,,
https://www.linkedin.com/company/tavares-brick-pavers-inc.,http://tavaresbrick.com,TAVARES BRICK PAVERS INC.,"[1, 10]",2
https://www.linkedin.com/company/olympus-futures,,,,
https://www.linkedin.com/company/ryca-nz-limited,http://www.missionbellemotel.co.nz/,RYCA NZ LIMITED,,
https://www.linkedin.com/company/net-acad-mie-mypaces-,,Net Académie (MyPACES),"[1, 10]",10
https://www.linkedin.com/company/rs-investments,,,,
https://www.linkedin.com/company/el-jobalo-s-l-,http://eljobalo.es,El Jobalo S.L.,,
https://www.linkedin.com/company/eva---dubnica-nad-v-hom,http://-,EVA - Dubnica nad Váhom,"[1, 10]",
https://www.linkedin.com/company/lamsar-inc,http://www.lamsar.com,LamSar Inc,"[11, 50]",547
https://www.linkedin.com/company/caliber-homes-inc,https://www.caliberhomeloans.com/Default.aspx,Caliber Homes Inc,"[1, 10]",13
https://www.linkedin.com/company/enviroclub,,EnviroHub,"[1, 10]",
https://www.linkedin.com/company/culture-code-studios,http://culturecodestudios.com,Culture Code Studios,"[1, 10]",
https://www.linkedin.com/company/universidad-autonoma-de-barcelona,http://www.uab.cat,Universidad Autonoma de Barcelona (perfil no oficial: más info...),,
https://www.linkedin.com/company/evie-and-lola,http://www.evieandlola.co.uk,Evie and Lola,,14
https://www.linkedin.com/company/bio-actives-japan-k-k,http://www.bioactives.co.jp/english/,Bio Actives Japan K.K,"[11, 50]",260
https://www.linkedin.com/company/behr-group-holdings,,,,
https://www.linkedin.com/company/fiduciaire-manuri,http://www.fiduciaire-manuri.ch,Fiduciaire Manuri,"[1, 10]",46
https://www.linkedin.com/company/oceanum-ltd.,http://www.oceanum.fi,Oceanum Ltd.,"[1, 10]",
https://www.linkedin.com/company/msy-analytics,,MSY Analytics,,
https://www.linkedin.com/company/arellano-studios,http://www.ArellanoStudios.com,Arellano Studios,,
https://www.linkedin.com/company/clinique-la-medina,http://www.clinique-lamedina.com,CLINIQUE LA MEDINA,"[11, 50]",
https://www.linkedin.com/company/phablet-ltd-,,Phablet Ltd.,,13
https://www.linkedin.com/company/american-telemedia-limited,,American Telemedia Limited,,
https://www.linkedin.com/company/osteopath-basingstoke,http://osteopathbasingstoke.co.uk,Osteopath Basingstoke,,
https://www.linkedin.com/company/vento-associates-inc,http://www.ventoassociates.com,Vento Associates Inc,"[1, 10]",2
https://www.linkedin.com/company/vandenberg-construction-services,http://www.vandenbergconstruction.com,Vandenberg Construction Services,"[1, 10]",
https://www.linkedin.com/company/coilsprings-llc,,CoilSprings LLC,,
https://www.linkedin.com/company/southgate-veterinary-hospital,http://www.sgvet.com/,Southgate Veterinary Hospital,"[11, 50]",17
https://www.linkedin.com/company/skin-medicine-and-surgery-ctrs,,Skin Medicine and Surgery Ctrs,"[1, 10]",
https://www.linkedin.com/company/business-network-security-ltd,http://www.businessnetworksecurity.co.uk,Business Network Security Ltd,"[1, 10]",
https://www.linkedin.com/company/precise-touch-detailing,,Precise Touch Detailing,"[1, 10]",2
https://www.linkedin.com/company/upmind-business-technology,http://www.upmind.fr,Upmind Business Technology,"[1, 10]",
https://www.linkedin.com/company/ji-designs,http://www.yelp.com/biz/ji-designs-chicago,Ji Designs,"[1, 10]",6
https://www.linkedin.com/company/test-5646,,,,
https://www.linkedin.com/company/if-dizayn-tasarım-ürünleri,http://www.ifclock.com,iF Dizayn Tasarım Ürünleri,"[1, 10]",
https://www.linkedin.com/company/kristal-spirits-india-pvt-ltd-,,,,
https://www.linkedin.com/company/jumbo-renovations-limited,http://jumborenovations.com,Jumbo Renovations Limited,,
https://www.linkedin.com/company/letsclap,http://www.letsclap.io,Letsclap,"[1, 10]",
https://www.linkedin.com/company/schmidt-computerservice,http://www.schmidt-computerservice.de,Schmidt Computerservice,,
https://www.linkedin.com/company/healthfreelance,https://healthfreelance.com,HealthFreelance.com LLC,"[11, 50]",155
https://www.linkedin.com/company/bremer-foto.kontor,http://www.bf-kontor.de,Bremer Foto.Kontor,,1
https://www.linkedin.com/company/adolf-krall-immobilien-gmbh,http://www.krall-immobilien.de,Adolf Krall Immobilien GmbH,,
https://www.linkedin.com/company/sampere-spanischkurse,http://www.sampere-spanischkurse.de,Sampere Spanischkurse,,
https://www.linkedin.com/company/shears-plus,http://shearsplus.com.au,Shears Plus,,
https://www.linkedin.com/company/mâle-de-mode,,,,
https://www.linkedin.com/company/ironwood-capital-wealth-management,,,,
https://www.linkedin.com/company/no-boundaries-international,http://nbint.org,No Boundaries International,,
https://www.linkedin.com/company/school-of-architecture-at-marywood-university,http://www.marywood.edu/architecture/,School of Architecture at Marywood University,"[201, 500]",63
https://www.linkedin.com/company/web-push-notification,,,,
https://www.linkedin.com/company/acadian-medical-supply-llc,,Acadian Medical Supply LLC,"[1, 10]",1
https://www.linkedin.com/company/grupo-setape,http://www.setape.com.br,Grupo SETAPE,"[51, 200]",967
https://www.linkedin.com/company/osr-it-solution,http://www.osritsolution.com,OSR IT Solution,"[11, 50]",8
https://www.linkedin.com/company/utilise-it-suppliers,,,,
https://www.linkedin.com/company/upcoming-events,http://www.upcoming.co.za,Upcoming Events,,137
https://www.linkedin.com/company/amalawyers,http://www.amalawyers.com,Ashish Mehta & Associates,"[11, 50]",
https://www.linkedin.com/company/enexio-power-cooling-solutions-india-pvt-ltd,,,,
https://www.linkedin.com/company/technical-molding-solutions,http://www.tmspe.com,Technical Molding Solutions,"[1, 10]",
https://www.linkedin.com/company/spirit-teaching-limited,,SPIRIT TEACHING LIMITED,,
https://www.linkedin.com/company/amy-head-studio,http://www.amyhead.net/,Amy Head Studio,"[11, 50]",2
https://www.linkedin.com/company/iain-parker-carpentry,http://www.iainparkercarpentry.com,Iain Parker Carpentry,,
https://www.linkedin.com/company/inggames,http://www.inGGames.co.uk,inGGames,,
https://www.linkedin.com/company/northman-lengi-watch-company-ab,https://northmanlengi.com,Northman Lengi,"[1, 10]",13
https://www.linkedin.com/company/cornerstone-inspections,http://www.cornerstone-inspectionsllc.com,Cornerstone Inspections,,
https://www.linkedin.com/company/global-economic-corp,http://i-economic.com,Global economic.corp,,
https://www.linkedin.com/company/get-sorted,http://www.lizokane.ie,get-sorted,,
https://www.linkedin.com/company/east-com,http://www.east.com,East.Com,"[1, 10]",
https://www.linkedin.com/company/inveraray-jail,http://inverarayjail.co.uk,Inveraray Jail,,
https://www.linkedin.com/company/omas-pension-inh-p-rohde,http://omas-pension.de,Omas Pension Inh. P. Rohde,,
https://www.linkedin.com/company/浙江平湖工银村镇银行股份有限公司,,,,
https://www.linkedin.com/company/mac-construtora-e-incorporadora,http://www.mac.com.br,MAC Construtora e Incorporadora,"[501, 1000]",
https://www.linkedin.com/company/asga-sistemas,,,,
https://www.linkedin.com/company/middletown-management-inc,http://www.middletownhotelmanagement.com,Middletown Management Inc,"[1, 10]",6
https://www.linkedin.com/company/sage-college,http://www.sagecollege.edu,Sage College,"[51, 200]",100
https://www.linkedin.com/company/wyvern-lit,,,,
https://www.linkedin.com/company/jfj-development-co-,http://jfjdevelopment.com,JFJ Development Co.,"[1, 10]",43
https://www.linkedin.com/company/microtech-industries-pvt-ltd.,,,,
https://www.linkedin.com/company/herberts-of-london-limited,http://www.herbertsmithfreehills.com,HERBERTS OF LONDON LIMITED,"[1, 10]",
https://www.linkedin.com/company/bascombe-consulting-limited,http://www.bascombeconsulting.co.uk/,BASCOMBE CONSULTING LIMITED,"[1, 10]",
https://www.linkedin.com/company/a3-sverige,https://www.A3.se/foretag,A3 Allmänna IT- och Telekomaktiebolaget,"[51, 200]",1551
https://www.linkedin.com/company/teacher-on-tap,http://teacherontap.com,Teacher On Tap,,
https://www.linkedin.com/company/tsd-services-nl,http://www.tsd-groep.eu,TSD Services NL,"[11, 50]",9
https://www.linkedin.com/company/franca-cucina,http://www.franca-cucinaevino.de,Franca Cucina,,
https://www.linkedin.com/company/gubiotti-agency-inc,,Gubiotti Agency Inc,"[1, 10]",
https://www.linkedin.com/company/cabal-design-inc,,Cabal Design Inc,"[1, 10]",
https://www.linkedin.com/company/med-shred-inc,,Med Shred Inc,"[1, 10]",7
https://www.linkedin.com/company/growers-requisites-ltd,,Growers Requisites Ltd,"[1, 10]",1
https://www.linkedin.com/company/conasev,http://www.conasev.gob.pe,CONASEV,"[51, 200]",
https://www.linkedin.com/company/troyesw,http://www.troyesw.fr,TroyesW,,
https://www.linkedin.com/company/winns-home-improvement,,Winns Home Improvement,"[1, 10]",
https://www.linkedin.com/company/j-bromilow-champ-enterprises-pty-ltd,http://www.champenterprises.com.au,J Bromilow CHAMP Enterprises Pty Ltd,"[1, 10]",
https://www.linkedin.com/company/soundview-brasil,http://www.soundview.com.br,Soundview Brasil,"[11, 50]",22
https://www.linkedin.com/company/byv-global,http://www.byvglobal.com,BYV Global,"[1001, 5000]",
https://www.linkedin.com/company/klingel-consult,http://klingelconsult.com,Klingel Consult,,
https://www.linkedin.com/company/pominvilles-dairy,,Pominvilles Dairy,"[1, 10]",
https://www.linkedin.com/company/aqua-charter,http://www.aquacharter.se/,Aqua Charter,"[1, 10]",
https://www.linkedin.com/company/eligemenu,http://eligemenu.es/,eligemenú,"[1, 10]",
https://www.linkedin.com/company/imz-gestión-de-proyectos,http://www.imzproyectos.com,IMZ Gestión de Proyectos,"[1, 10]",
https://www.linkedin.com/company/yol-iletişim-çözümleri,,,,
https://www.linkedin.com/company/emcee-artist-management,https://www.emceeartist.com,Emcee Artist Management,"[11, 50]",270
https://www.linkedin.com/company/danis-daycare,http://danisdaycare.com/,Danis Daycare,,3
https://www.linkedin.com/company/alfaiataria-gourmet,,Alfaiataria Gourmet,"[11, 50]",21
https://www.linkedin.com/company/reading-cinemas-of-puerto-rico-inc-,,"Reading Cinemas of Puerto Rico, Inc.",,
https://www.linkedin.com/company/acisenergía,,,,
https://www.linkedin.com/company/forte-animal-rescue,http://www.FARescue.org,Forte Animal Rescue,"[11, 50]",42
https://www.linkedin.com/company/geoservices-,,,,
https://www.linkedin.com/company/nexus-copy-number,,Nexus Copy Number,,
https://www.linkedin.com/company/im-verwaltungsgesellschaft-mbh,,IM Verwaltungsgesellschaft mbH,,
https://www.linkedin.com/company/bachman-foods-inc,http://www.bachmanco.com/,Bachman Foods Inc,"[1, 10]",1
https://www.linkedin.com/company/kansas-medical-center-l-l-c-,http://www.ksmedcenter.com,"Kansas Medical Center, L.L.C.","[51, 200]",226
https://www.linkedin.com/company/www-menusandvenues-net,,,,
https://www.linkedin.com/company/lisburn-com,http://lisburn.com,Lisburn.com,,
https://www.linkedin.com/company/townsend-auto-repair-inc,http://www.townsendsautomotive.com/,Townsend Auto Repair Inc,"[1, 10]",2
https://www.linkedin.com/company/colomer-munmany-europe-company-ltd,,,,
https://www.linkedin.com/company/new-england-marble-&-granite,,,,
https://www.linkedin.com/company/深圳市海钜信达投资发展有限公司,http://www.tritonsfs.com,深圳市海钜信达投资发展有限公司,,
https://www.linkedin.com/company/rubyblue-liqueur,http://hughescraftdistillery.com,RubyBlue Liqueur,,
https://www.linkedin.com/company/alphasoteria-hsse,,,,
https://www.linkedin.com/company/white-rose-technology-limited,http://www.whiterose.ac.uk/,WHITE ROSE TECHNOLOGY LIMITED,"[1, 10]",1
https://www.linkedin.com/company/artcay,http://artcay.fr,ArtCay,"[1, 10]",
https://www.linkedin.com/company/muz-tv,http://muz-tv.ru/,Muz-TV,,
https://www.linkedin.com/company/abel-automatics-inc-,,"Abel Automatics, Inc.","[11, 50]",16
https://www.linkedin.com/company/sylvania-paper-cellar,,Sylvania Paper Cellar,"[1, 10]",
https://www.linkedin.com/company/köple-engineering-gbr,,,,
https://www.linkedin.com/company/standard-testing-and-engineering-company,http://www.stantest.com,Standard Testing & Engineering LLC,"[11, 50]",133
https://www.linkedin.com/company/tereg-gebäudedienste-gmbh,http://www.tereg.de,TEREG Gebäudedienste GmbH,"[1, 10]",56
https://www.linkedin.com/company/mayfield-transfer-company-inc.,http://mfld.net,"Mayfield Transfer Company Co., Inc.","[51, 200]",52
https://www.linkedin.com/company/nhs-behhis-,http://x,NHS (BEHHIS),"[5001, 10000]",
https://www.linkedin.com/company/vesnadeladomov,http://www.vesna.cz,"VESNA, a.s.","[201, 500]",26
https://www.linkedin.com/company/onetac-pty-ltd,,Onetac Pty Ltd,,
https://www.linkedin.com/company/rawr-inc,,,,
https://www.linkedin.com/company/khan-story,http://www.khanstory.com/,Khan Story,,
https://www.linkedin.com/company/flanagan-supplies,,,,
https://www.linkedin.com/company/trust-security,http://www.TRUSTSecurityMN.com,TRUST Security,"[1, 10]",
https://www.linkedin.com/company/otz-maq---com-rcio-de-m-quinas-e-equipamentos-ltda,http://www.otzmaq.com.br,OTZ Maq -  Comércio de Máquinas e Equipamentos Ltda,"[11, 50]",
https://www.linkedin.com/company/özpek-mali-müşavirlik-ve-denetim-hizmetleri,,,,
https://www.linkedin.com/company/chemical-dynamics-inc,http://www.chemicaldynamics.com,"Chemical Dynamics, Inc","[11, 50]",134
https://www.linkedin.com/company/cã´ng-ty-cp-thæ°æ¡ng-máº¡i-candy-mart,,,,
https://www.linkedin.com/company/agc-apollo-global-catering,http://www.arcashipsuppliers.com,ARCA SHIP SUPPLIERS,"[51, 200]",225
https://www.linkedin.com/company/pt-multikarya-asia-pasifik-raya,http://mkapr.co.id,PT Multikarya Asia Pasifik Raya,"[51, 200]",2194
https://www.linkedin.com/company/lukatek-inc-,http://www.lukatek.com/,"Lukatek, Inc.","[1, 10]",31
https://www.linkedin.com/company/eirteic-consulting-ltd,,,,
https://www.linkedin.com/company/cinedigital,,CineDigital,,
https://www.linkedin.com/company/samafrava-s-a-,http://www.samafrava.com,Samafrava S.A.,"[51, 200]",168
https://www.linkedin.com/company/focus-eye-centre,http://www.focuseyecentre.com.au,Focus Eye Centre,"[11, 50]",58
https://www.linkedin.com/company/chosen-enterprises,http://new.choseninc.com/,Chosen Enterprises,"[11, 50]",30
https://www.linkedin.com/company/deborah-coltham-rare-books,http://www.dcrb.co.uk,Deborah Coltham Rare Books,,
https://www.linkedin.com/company/safetech-solutions,http://www.safetech.mx,SafeTech Solutions,"[1, 10]",25
https://www.linkedin.com/company/musketeershockey,http://www.musketeershockey.com,Sioux City Musketeers,"[1, 10]",265
https://www.linkedin.com/company/more-qualified-leads,http://www.morequalifiedleads.co.uk,More Qualified Leads,"[1, 10]",22
https://www.linkedin.com/company/fiesta-canning,http://www.fiestacanning.org,Fiesta Canning,"[11, 50]",67
https://www.linkedin.com/company/cprs-calgary,https://cprscalgary.com,CPRS Calgary,"[1, 10]",423
https://www.linkedin.com/company/3d-marquees-ltd.,http://www.3dmarquees.com,3D Marquees Ltd.,"[11, 50]",132
https://www.linkedin.com/company/apex-computer-technologies-ag,,APEX Computer Technologies AG,,
https://www.linkedin.com/company/conversion-talent,,,,
https://www.linkedin.com/company/b-and-r-construction,http://www.brconstserv.com/,B and R Construction,"[1, 10]",5
https://www.linkedin.com/company/milan-tailors,,,,
https://www.linkedin.com/company/melbourne-boston-sister-cities-association,http://www.melbourne-boston.org,Melbourne Boston Sister Cities Association,"[1, 10]",
https://www.linkedin.com/company/fort-worth-business-press,https://fortworthbusiness.com,Fort Worth Business Press,"[11, 50]",3369
https://www.linkedin.com/company/doubletree-by-hilton-guangzhou,http://Doubletree.hilton.com.cn/guangzhou,DoubleTree by Hilton Guangzhou,"[201, 500]",302
https://www.linkedin.com/company/action-recovery-online,http://www.actionrecoveryonline.com,Action Recovery Online,"[11, 50]",16
https://www.linkedin.com/company/asha-steel-fabrication-works---india,http://asfdomes.com,Asha Steel Fabrication Works - India,,7
https://www.linkedin.com/company/playtrix-research-inc-,http://playtrix.com,Playtrix Research Inc.,"[1, 10]",6
https://www.linkedin.com/company/visual-thoughts,http://www.design-manchester.co.uk,Visual Thoughts,,
https://www.linkedin.com/company/esfera-estamparia,http://www.esfera.ind.br,Esfera Estamparia,"[51, 200]",
https://www.linkedin.com/company/cmi_5,http://www.cminternet.com/,CMI,"[1, 10]",71
https://www.linkedin.com/company/rodavis-solutions-limited,,RODAVIS SOLUTIONS LIMITED,"[1, 10]",
https://www.linkedin.com/company/business-essentials,http://www.beanda.net,BE&A,"[11, 50]",43
https://www.linkedin.com/company/star-link-communication-pvt-ltd,,Star Link Communication Pvt Ltd,,
https://www.linkedin.com/company/cardfree,http://www.cardfree.com,CardFree,"[11, 50]",1049
https://www.linkedin.com/company/the-herking-law-firm,,,,
https://www.linkedin.com/company/pt-ecofinco,,,,
https://www.linkedin.com/company/veterans-entrepreneurship-task-force,,Veterans Entrepreneurship Task Force,,
https://www.linkedin.com/company/crowdraising.co,https://CrowdRaising.co,CrowdRaising.co,"[1, 10]",
https://www.linkedin.com/company/hipp-organic,http://www.hipp.co.uk,Hipp Organic (UK),"[11, 50]",2428
https://www.linkedin.com/company/humanitäre-hilfe-für-asylbewerber,,,,
https://www.linkedin.com/company/maverick-recruiting,https://maverickrecruiting.com/,Maverick Recruiting,"[1, 10]",233
https://www.linkedin.com/company/cellentex,,,,
https://www.linkedin.com/company/imagine-real,http://www.imaginereal.com.br,Imagine Real,"[1, 10]",13
https://www.linkedin.com/company/le-balai-des-arômes,,,,
https://www.linkedin.com/company/christlinkd-com-llc,,"Christlinkd.com, LLC","[1, 10]",21
https://www.linkedin.com/company/bolka-international,http://http//:www.bolka.fr,Bolka International,"[1, 10]",14
https://www.linkedin.com/company/surfmonkey-com,,SurfMonkey.com,,
https://www.linkedin.com/company/radsolutionslogistics,http://www.theradsolution.com,RAD Solutions - Logistics,"[11, 50]",59
https://www.linkedin.com/company/erre-due-uk-limited,http://www.r2uk.co.uk,ERRE DUE UK LIMITED,,
https://www.linkedin.com/company/top-quality-manufacturing-inc-,,"TOP QUALITY MANUFACTURING, INC.",,
https://www.linkedin.com/company/mydart,,MyDART,"[1, 10]",
https://www.linkedin.com/company/oq,http://omniquestinternational.com,Oq,"[1, 10]",
https://www.linkedin.com/company/rechtsanwälte-harlfinger-&-hacken,,,,
https://www.linkedin.com/company/alternative-courtage,http://www.alternative-courtage.fr,AlterNative Courtage,"[1, 10]",
https://www.linkedin.com/company/ny-finest-real-estate,,NY Finest Real Estate,,
https://www.linkedin.com/company/top-art-grafik-design,http://www.top-art-logos.de,Top Art Grafik-design,,3
https://www.linkedin.com/company/grupo-its-uruguay,http://www.grupoits.com.uy,Grupo ITS Uruguay,"[1, 10]",52
https://www.linkedin.com/company/federation-of-bangladesh-chamber-of-commerce-and-industries-fbcci,,Federation of Bangladesh Chamber of Commerce and Industries (FBCCI),,
https://www.linkedin.com/company/riskmatics,,Riskmatics,"[11, 50]",18
https://www.linkedin.com/company/elegant-polymers---india,,Elegant Polymers - India,,22
https://www.linkedin.com/company/hammink-performance,http://www.hamminkperformance.nl,Hammink Performance,"[1, 10]",69
https://www.linkedin.com/company/altovalley,http://www.altovalley.com,AltoValley,"[1, 10]",44
https://www.linkedin.com/company/fremont-public-library,http://fremontlibrary.org,Fremont Public Library,,
https://www.linkedin.com/company/cogdigital,,,,
https://www.linkedin.com/company/mad-genius,http://madg.com,Mad Genius,"[11, 50]",1760
https://www.linkedin.com/company/path2freedom,http://www.path2freedom.org,"Path2Freedom, Inc.","[1, 10]",84
https://www.linkedin.com/company/urgent-care-2-point-0,http://urgentcare2point0.com,Urgent Care 2 Point 0,"[1, 10]",
https://www.linkedin.com/company/scuola-superiore-don-bosco-verona,,,,
https://www.linkedin.com/company/标致汽车,,,,
https://www.linkedin.com/company/schneider-photographics-llc,http://www.schneiderphotographic.com,Schneider Photographic LLC,"[1, 10]",
https://www.linkedin.com/company/executive-risk-management,https://www.executiveriskmgt.com,Executive Risk Management,"[1, 10]",
https://www.linkedin.com/company/benner-compliance-jurídico-e-gestão-de-contratos-2,,,,
https://www.linkedin.com/company/brilla,http://www.BrillaChurch.com,Brilla,,
https://www.linkedin.com/company/asau---associazione-spinoff-accademici-e-universitari,,,,
https://www.linkedin.com/company/social-feedback-analytics,,,,
https://www.linkedin.com/company/hunterblue,http://hunterbluemedia.com,Hunter Blue,"[1, 10]",3
https://www.linkedin.com/company/improovhomes,https://www.improovhomes.com,Improov Homes,"[1, 10]",12
https://www.linkedin.com/company/mutahakm-for-security-systems,http://mutahakm.com/,MUTAHAKM For Security Systems,"[11, 50]",
https://www.linkedin.com/company/the-full-box-productions,http://www.thefullbox.com.au,THE FULL BOX PRODUCTIONS,"[1, 10]",14
https://www.linkedin.com/company/dsri,http://dsrinteractive.com,DSRI,,
https://www.linkedin.com/company/rocky-mountain-atv,http://www.rockymountainatvmc.com,Rocky Mountain Atv,"[1, 10]",13
https://www.linkedin.com/company/neoserve-audit-ltd,http://www.neoserve.net,Neoserve Audit Ltd,"[1, 10]",
https://www.linkedin.com/company/tulsa-city-county-library,http://www.tulsalibrary.org,Tulsa City-County Library,"[201, 500]",
https://www.linkedin.com/company/la-tan-inc,http://www.latan.com/,La Tan Inc,"[11, 50]",24
https://www.linkedin.com/company/rma-lt-mb,http://www.rma.lt,"RMA.lt, MB","[1, 10]",
https://www.linkedin.com/company/etab-health-limited,,,,
https://www.linkedin.com/company/form-contemporary-dance-theatre,http://aeriskorper.com/,Aeris Korper,"[1, 10]",9
https://www.linkedin.com/company/pantherrilla-productions-inc,http://www.pantherrillaproductionsinc.com,Pantherrilla Productions Inc,"[51, 200]",
https://www.linkedin.com/company/aumnia-inc-,http://www.aumnia.com,"Aumnia, Inc.","[1, 10]",34
https://www.linkedin.com/company/danjen-computers,http://www.danjen.com,Danjen Computers,"[1, 10]",1
https://www.linkedin.com/company/the-portobello-hotel,http://www.portobellohotel.com,The Portobello Hotel,,
https://www.linkedin.com/company/deutsche-telekom-capital-partners,http://www.dtcp.capital,DTCP,,
https://www.linkedin.com/company/kraft-fine-homes,http://www.kraftfinehomes.com/,Kraft Fine Homes,"[1, 10]",4
https://www.linkedin.com/company/natarom,https://www.natarom.com,Natarom,"[1, 10]",
https://www.linkedin.com/company/tony-baker-law,http://www.tonybakerlaw.com,Tony Baker Law,,5
https://www.linkedin.com/company/mhc-international-ltd-mhci-,http://www.mhcinternational.com,MHC International Ltd (MHCi),"[11, 50]",
https://www.linkedin.com/company/probus-surgery-limited,http://probussurgicalcentre.co.uk/,PROBUS SURGERY LIMITED,"[1, 10]",6
https://www.linkedin.com/company/toine-grotens-group.-business-sales-executive-partners,,Toine Grotens Group.   Business Sales Executive Partners,,
https://www.linkedin.com/company/b-j-walsh-designs,http://bjwalshdesigns.com.au,B.J. Walsh Designs,,1
https://www.linkedin.com/company/shetland-mussels-ltd,,Shetland Mussels Ltd,,
https://www.linkedin.com/company/direct-billing-services,http://www.directbillingservices.com,Direct Billing Services,"[11, 50]",
https://www.linkedin.com/company/blunsdon-parish-council,http://blunsdonparishcouncil.co.uk,Blunsdon Parish Council,,
https://www.linkedin.com/company/marikana-wholesalers,http://marikana-ws@mweb.co.za/,MARIKANA WHOLESALERS,,
https://www.linkedin.com/company/leadfx-inc,http://www.ivernia.com/,LeadFX Inc,,
https://www.linkedin.com/company/socialvol-,,,,
https://www.linkedin.com/company/miller-home-mortgage,http://www.millerhomemortgage.com,"Miller Home Mortgage, LLC.","[1, 10]",6
https://www.linkedin.com/company/wyndston-services,http://www.facebook.com/wyndstonservices,Wyndston Services,"[1, 10]",1
https://www.linkedin.com/company/ores-realty-corp-,,,,
https://www.linkedin.com/company/piccirilli-law-group,http://piccirilli.com,Piccirilli Law Group,,
https://www.linkedin.com/company/sketch-agency-lebanon,,,,
https://www.linkedin.com/company/futsal4all,http://www.futsal4all.nl,Futsal4All,"[1, 10]",54
https://www.linkedin.com/company/black-dog-hr-consultancy-ltd,http://www.blackdoghr.co.uk,Black Dog HR Consultancy Ltd,"[1, 10]",42
https://www.linkedin.com/company/eel-services,,EEL Services,,
https://www.linkedin.com/company/milton-meyer,,Milton Meyer,"[11, 50]",1
https://www.linkedin.com/company/malaysian-students-organisation-unsw,https://www.unswmso.org/,Malaysian Students' Organisation UNSW,"[11, 50]",41
https://www.linkedin.com/company/lopatcong-twp-board-of-education,http://www.lopatcongschool.org,Lopatcong Twp Board of Education,"[51, 200]",
https://www.linkedin.com/company/braintinc,http://www.braintinc.com,Brine Technologies Inc,"[201, 500]",16
https://www.linkedin.com/company/ornamental-masonry,http://www.ornamentalstone.com/,Ornamental Masonry,"[1, 10]",
https://www.linkedin.com/company/churiwala-overseas-pvt-ltd,http://www.copl.co.in,Churiwala overseas pvt ltd,,42
https://www.linkedin.com/company/cpap-unlimited,http://www.cpapunlimited.com,Cpap Unlimited,"[1, 10]",13
https://www.linkedin.com/company/autobus,http://www.autobusweb.com/,Autobus,"[1, 10]",1715
https://www.linkedin.com/company/协和医学院,,,,
https://www.linkedin.com/company/aceteam,http://www.ace.team,ACE Team,"[51, 200]",66
https://www.linkedin.com/company/first-municipal-credit-corp,,First Municipal Credit Corp,"[1, 10]",
https://www.linkedin.com/company/stop-and-stare-marketing-ltd,,,,
https://www.linkedin.com/company/faa-eastern-region-federal-cu,,Faa Eastern Region Federal Cu,"[1, 10]",
https://www.linkedin.com/company/newborn-capital-holding-ag,http://www.gruenderszene.de,NewBorn Capital Holding AG,"[1, 10]",4
https://www.linkedin.com/company/bgasc-metals,http://bgasc.com,BGASC Metals,"[1, 10]",5
https://www.linkedin.com/company/flowskool,http://www.flowskool.com,Flowskool,,
https://www.linkedin.com/company/rudi-pross-c.s.,http://www.rudipross-cs.de,Rudi Pross C.S.,,
https://www.linkedin.com/company/www.caves-et-vins.com,http://www.caves-et-vins.com,www.caves-et-vins.com,"[1, 10]",
https://www.linkedin.com/company/pughs-pools-and-spas-inc,http://pughspools.com,Pughs Pools and Spas Inc,"[1, 10]",
https://www.linkedin.com/company/moving-media-in-san-francisco,http://www.movingmedia.com,Moving Media in San Francisco,,17
https://www.linkedin.com/company/grapeland-baptist-church,http://www.fbcgrapeland.org,Grapeland Baptist Church,"[11, 50]",
https://www.linkedin.com/company/luftfahrttechnisches-museum,http://luftfahrttechnisches-museum-rechlin.de,Luftfahrttechnisches Museum,,
https://www.linkedin.com/company/diy-invitations,http://diyinvitations.com.au,DIY Invitations,,
https://www.linkedin.com/company/1-2-step-entertainment,http://www.1-2stepentertainment.com,"1, 2 Step Entertainment","[1, 10]",6
https://www.linkedin.com/company/poli-glow,http://poliglow.co.uk,Poli Glow,,
https://www.linkedin.com/company/webloyalty-ireland,http://www.webloyalty.ie,Webloyalty Ireland,,
https://www.linkedin.com/company/sunny-design,http://www.sunnydesigns.com,Sunny Design,,8
https://www.linkedin.com/company/torsten-conrad,http://www.conrad-schornsteinbau.de,Torsten Conrad,,1
https://www.linkedin.com/company/ashford-orthodontics,http://www.ashfordorthodontics.co.uk,Ashford Orthodontics,"[51, 200]",352
https://www.linkedin.com/company/dap-home-improvements,http://www.dap.com/,Dap Home Improvements,"[1, 10]",1
https://www.linkedin.com/company/i9bit-informã¡tica,,,,
https://www.linkedin.com/company/proge-in-s-r-l-,http://progeinsrl.com,PROGE IN S.r.l.,,
https://www.linkedin.com/company/fulham-reach-boat-club-ltd-,,,,
https://www.linkedin.com/company/selah-septic-service,,Selah Septic Service,"[1, 10]",
https://www.linkedin.com/company/klokby,http://www.klokby.nl,KLOKby,"[1, 10]",
https://www.linkedin.com/company/saga-restaurant-&-sushi-bar,,,,
https://www.linkedin.com/company/michigan-spine-&-pain,,,,
https://www.linkedin.com/company/weingut-deutschherrenhof,http://weingut-deutschherrenhof.de,Weingut Deutschherrenhof,,
https://www.linkedin.com/company/manningham-mills-community-association-limited,http://www.mmcabradford.org.uk/,MANNINGHAM MILLS COMMUNITY ASSOCIATION LIMITED,,
https://www.linkedin.com/company/friseurteam-zeininger,http://friseurteam-zeininger.de,Friseurteam Zeininger,,
https://www.linkedin.com/company/office-fusion-solutions,http://officefusionsolutions.com,OFFICE FUSION SOLUTIONS,,3
https://www.linkedin.com/company/flying-pigs1,http://www.flyingpig.be,Flying Pig,"[1, 10]",18
https://www.linkedin.com/company/novellus-business-solutions,http://novellus.nl,Novellus business solutions,"[1, 10]",
https://www.linkedin.com/company/gohoster-internet-services,http://www.gohoster.de,Gohoster Internet Services,,
https://www.linkedin.com/company/lyon-landscape-construction-llc,,Lyon Retaining Wall & Paver,"[1, 10]",4
https://www.linkedin.com/company/mainostoimisto-luode-oy,,,,
https://www.linkedin.com/company/the-monk-us-memorial-foundation,http://musmf.info,THE MONK US MEMORIAL FOUNDATION,"[1, 10]",1
https://www.linkedin.com/company/james-j.-teague-iii-dds-pa,http://teaguedentistry.com,"JAMES J. TEAGUE, III, DDS PA","[11, 50]",
https://www.linkedin.com/company/legion-elite-okc,,,,
https://www.linkedin.com/company/artwork-on-view,,Artwork On View,"[1, 10]",
https://www.linkedin.com/company/texoma-neurology-assoc,http://www.texomaneuro.com,Texoma Neurology Assoc,"[11, 50]",28
https://www.linkedin.com/company/premonition-records-inc,http://www.premonitionrecords.com/,Premonition Records Inc,"[1, 10]",
https://www.linkedin.com/company/syscom-development-inc,,Syscom Development Inc,"[1, 10]",1
https://www.linkedin.com/company/metro-office-centers,,,,
https://www.linkedin.com/company/depaul-programming,http://www.depaul.nl,dePaul Programming,,
https://www.linkedin.com/company/rose-benninghoff-fotografie,http://fuergut-benninghoff-fotografie.de,Rose Benninghoff Fotografie,,
https://www.linkedin.com/company/ryde-house-homes-ltd,http://www.rydehouse.com,RYDE HOUSE HOMES LTD,,
https://www.linkedin.com/company/talent-impact,,,,
https://www.linkedin.com/company/reetdachdeckerei-soenke-bartlefsen,http://www.der-reetdachdecker.de,Reetdachdeckerei Soenke Bartlefsen,,
https://www.linkedin.com/company/krsna-speciality-clinic---india,,Krsna Speciality Clinic - India,,
https://www.linkedin.com/company/miller-farm,http://www.millerfarms.net/,Miller Farm,"[11, 50]",19
https://www.linkedin.com/company/bubbles-prestige-ltd,http://bubblesprestige.co.uk,Bubbles Prestige Ltd,,
https://www.linkedin.com/company/itaú-soluções-previdenciárias,,,,
https://www.linkedin.com/company/speedinet-wireless-kzn,http://www.speedinet.net,speedinet  wireless  kzn,"[11, 50]",7
https://www.linkedin.com/company/tltc2,http://tltc2.moonfruit.com,Tltc2,,
https://www.linkedin.com/company/alpac-limited,,ALPAC LIMITED,"[1, 10]",
https://www.linkedin.com/company/bay-tech-solutions,,BAY TECH SOLUTIONS,"[1, 10]",19
https://www.linkedin.com/company/earth-essentials-limited,http://www.earth-essentials.co.uk/,EARTH ESSENTIALS LIMITED,"[1, 10]",
https://www.linkedin.com/company/delivery-depot,,Delivery Depot,,
https://www.linkedin.com/company/keistad-feesten,http://www.keistadfeesten.nl,Keistad Feesten,"[51, 200]",
https://www.linkedin.com/company/leisure-media-co,,,,
https://www.linkedin.com/company/winterhalter-apps,http://www.winterhalter.ru,Winterhalter Apps,,
https://www.linkedin.com/company/structfab-detailers---steel-detailing-solutions,,,,
https://www.linkedin.com/company/specialfish,,Specialfish,,
https://www.linkedin.com/company/catalyst-business-solutions-vancouver-,,Pacific Catalyst Business Solutions,"[1, 10]",
https://www.linkedin.com/company/pacific-precious-metals-ltd,http://pacificpreciousmetals.com,PACIFIC PRECIOUS METALS LTD,"[11, 50]",10
https://www.linkedin.com/company/child-check,https://childcheckmate.com,Child Check,"[1, 10]",1
https://www.linkedin.com/company/güvenilir-gıdalar-vakfı---ggv-reliable-foods-foundation-,,,,
https://www.linkedin.com/company/ducompsoc,https://www.compsoc.tech,Durham University Computing Society,"[1, 10]",53
https://www.linkedin.com/company/landesrechnungshof-dessau,http://lrh.sachsen-anhalt.de,Landesrechnungshof Dessau,,
https://www.linkedin.com/company/wily-cycles-llc,https://www.wilycycles.com,Wily Cycles LLC,"[1, 10]",
https://www.linkedin.com/company/h&h-networks,http://www.haqqandadl.com,H,"[1, 10]",
https://www.linkedin.com/company/discedoce,http://www.discedoce.se,DisceDoce,"[1, 10]",
https://www.linkedin.com/company/satellite-design,http://satellitedesign.co.nz,Satellite Design,"[1, 10]",1
https://www.linkedin.com/company/san-francisco-subs,,San Francisco Subs,"[1, 10]",
https://www.linkedin.com/company/kenai-quality-flooring,,KENAI QUALITY FLOORING,"[1, 10]",
https://www.linkedin.com/company/wyre-view-opticians,http://www.theoptician.net,Wyre View Opticians,,
https://www.linkedin.com/company/plomberie-progress,,Plomberie Progress,"[1, 10]",418
https://www.linkedin.com/company/australian-institute-of-architects-act-chapter-,,Australian Institute of Architects (ACT Chapter),"[1, 10]",50
https://www.linkedin.com/company/vita-you,http://www.vita-you.com,vita-you Solutions,"[1, 10]",4
https://www.linkedin.com/company/little-green-dress,http://www.littlegreendress.nl,Little Green Dress,"[1, 10]",
https://www.linkedin.com/company/signature-solutions-nig,,Strongson Solutions Nig.,"[1, 10]",18
https://www.linkedin.com/company/lime-robot-llc,http://www.limerobotsoftware.com,Lime Robot LLC,"[1, 10]",
https://www.linkedin.com/company/sack-the-designer-ltd,,SACK THE DESIGNER LTD,,
https://www.linkedin.com/company/the-haute-plate,,,,
https://www.linkedin.com/company/electrify-ventures-ltd,http://www.electrifygroup.co.uk,Electrify Ventures Ltd,"[1, 10]",15
https://www.linkedin.com/company/frames-digital,http://www.24fd.com,Frames Digital,,
https://www.linkedin.com/company/liquids-and-eats-inc,http://www.liquidsandeats.com,Liquids and Eats Inc,"[1, 10]",6
https://www.linkedin.com/company/bella-italia-rastatt,http://bella-italia-rastatt.de,Bella Italia Rastatt,,
https://www.linkedin.com/company/görtz-hans-jörg,http://kanzlei-srg.de,Görtz Hans Jörg,,
https://www.linkedin.com/company/weiler-plastic-surgery,http://www.weilerplasticsurgery.com,"Weiler Plastic Surgery, LLC","[11, 50]",691
https://www.linkedin.com/company/lsesu-automotive-industry-society,,LSESU Automotive Industry Society,"[1, 10]",16
https://www.linkedin.com/company/joseph-freed-&-assoc,,,,
https://www.linkedin.com/company/jabalã­-studio,,,,
https://www.linkedin.com/company/solo-training-limited,,SOLO TRAINING LIMITED,,
https://www.linkedin.com/company/pimpinella-construction-co-inc,,Pimpinella Construction Co Inc,"[1, 10]",58
https://www.linkedin.com/company/tire-corp-usa,,Tire Corp USA,"[1, 10]",3
https://www.linkedin.com/company/pes-electrical-ltd,http://www.pes-group.co.uk/,PES ELECTRICAL LTD,"[11, 50]",
https://www.linkedin.com/company/sun-engineering-services-llc.,,"Sun Engineering Services, LLC.",,
https://www.linkedin.com/company/tende-company,http://www.tendeecompany.com,Tende & Company,"[1, 10]",12
https://www.linkedin.com/company/heather-martin,,Heather Martin,,
https://www.linkedin.com/company/era-hydro-biotech---india,http://erahydrobiotechindia.com,Era Hydro Biotech - India,,6
https://www.linkedin.com/company/dragonfly-logistics-training-ltd,http://dragonflylogisticstraining.co.uk/contact/2093967,DRAGONFLY LOGISTICS TRAINING LTD,"[1, 10]",
https://www.linkedin.com/company/dugway-high-school,,Dugway High School,"[11, 50]",6
https://www.linkedin.com/company/electromagnetic-technology,,Electromagnetic Technology,"[1, 10]",2
https://www.linkedin.com/company/menklab-llc,http://www.menklab.com,Menklab,"[1, 10]",28
https://www.linkedin.com/company/art-supply-house,http://artsupplyhouse.com/,Art Supply House,"[1, 10]",4
https://www.linkedin.com/company/blue-spruce-art-studio,http://www.bluesprucestudio.com,Blue Spruce Art Studio,"[1, 10]",
https://www.linkedin.com/company/amts-metallverarbeitung,http://www.amts-metallverarbeitung.de,AMTS Metallverarbeitung,,
https://www.linkedin.com/company/inochi-nl,http://www.inochi.nl,Inochi - life in business,"[1, 10]",
https://www.linkedin.com/company/orpheus-ag,,Orpheus AG,,
https://www.linkedin.com/company/2x10-nails,http://www.2x10nails.com,2x10 Nails,,
https://www.linkedin.com/company/setsquared-partnership,http://www.setsquared.co.uk,SETsquared Partnership,"[11, 50]",
https://www.linkedin.com/company/valley-railroad-model-trains,http://www.valleymodeltrains.com,Valley Railroad Model Trains,"[1, 10]",6
https://www.linkedin.com/company/kocaer-tekstil,http://www.kocaertekstil.com,Kocaer Tekstil,"[501, 1000]",541
https://www.linkedin.com/company/changing-season's-a-c-&-electric-service,,,,
https://www.linkedin.com/company/websuit.eu,http://websuit.eu,WebSuit.eu,,
https://www.linkedin.com/company/kallpa-co-working,http://www.kallpacoworking.com,Kallpa Coworking,"[1, 10]",104
https://www.linkedin.com/company/all-as-one,http://www.allasone.org,All As One,"[11, 50]",
https://www.linkedin.com/company/burleson-cooke,,Burleson Cooke,"[1, 10]",2
https://www.linkedin.com/company/posiflex-europa-b-v-,http://posiflex-eu.nl,Posiflex Europa B.V.,,
https://www.linkedin.com/company/fsp-technologies,http://fspindia.com,FSP Technologies,,
https://www.linkedin.com/company/bella-casa,http://bellacasa.net,Bella Casa,"[1, 10]",124
https://www.linkedin.com/company/mate®-agency,,,,
https://www.linkedin.com/company/mpnet,,mpx-o,,
https://www.linkedin.com/company/eerste-hulp-wiki,http://www.eerstehulpwiki.nl,Eerste Hulp Wiki,"[11, 50]",
https://www.linkedin.com/company/rando-inc,http://rando.org,Rando Inc,,
https://www.linkedin.com/company/developing-sustainable-directions-p-l,,,,
https://www.linkedin.com/company/dylabs-inc-,http://www.dylabs.com,"DyLabs, Inc.","[1, 10]",8
https://www.linkedin.com/company/showcosy-ltd,,SHOWCOSY LTD,,
https://www.linkedin.com/company/key-consulting_2,,,,
https://www.linkedin.com/company/fridolin-adam-gmbh-malerei-und-anstrich,http://www.maler-adam.de,Fridolin Adam GmbH Malerei Und Anstrich,,2
https://www.linkedin.com/company/carolyn-burke---event-location-service,,,,
https://www.linkedin.com/company/keller-williams-legacy-metropolitan,http://www.BaltimoreRealEstateCareers.com,eXp Realty,"[10001, None]",
https://www.linkedin.com/company/abeliumentreprises,https://www.informatique-logiciel-bretagne.com/,Abelium Entreprises,"[11, 50]",124
https://www.linkedin.com/company/mid-island-electrical-supply,http://mid-island.com,Mid-Island Electrical Supply,,
https://www.linkedin.com/company/allstar-home-appliance-center,http://allstarappliances.net/,AllStar Home Appliance Center,"[1, 10]",33
https://www.linkedin.com/company/kate-elizabeth-studio,http://www.kateelizabethstudio.com,Kate Elizabeth Studio,,7
https://www.linkedin.com/company/cavossa-companies,,,,
https://www.linkedin.com/company/dr.-med.-jens-bahlmann,http://www.kinderkardiologie-bs.de,Dr. Med. Jens Bahlmann,,
https://www.linkedin.com/company/iahd-careers,https://www.iahdny.org/en,IAHD Careers,"[501, 1000]",29
https://www.linkedin.com/company/social-selling-po-cesku,,,,
https://www.linkedin.com/company/real-time-production-monitoring,,--,,
https://www.linkedin.com/company/the-pc-lounge-ltd,http://www.thepclounge.com,The PC Lounge Ltd,"[11, 50]",
https://www.linkedin.com/company/murphy-bros-landscaping-llc,http://murphybroslandscaping.com/,Murphy Bros Landscaping LLC,"[11, 50]",
https://www.linkedin.com/company/usa-consulting,http://www.usaci.com,USACI,"[11, 50]",304
https://www.linkedin.com/company/contenta-comunicação-estratégica,,,,
https://www.linkedin.com/company/firmo-d.o.o.,http://www.firmo.hr,Firmo d.o.o.,,
https://www.linkedin.com/company/codered-network-solutions,,,,
https://www.linkedin.com/company/wotymuws-inc-,,,,
https://www.linkedin.com/company/the-excelsior-group-inc.,http://www.tegins.com,"The Excelsior Group, Inc.",,
https://www.linkedin.com/company/integrity-restoration-,,,,
https://www.linkedin.com/company/james-h-wood-pc,http://www.albuquerqueinjurylawfirm.com/,James H Wood Pc,"[1, 10]",
https://www.linkedin.com/company/zenitglobal,http://www.zenit.global,Zenit,"[1, 10]",
https://www.linkedin.com/company/deltaone-software,http://www.d1sw.com,DeltaOne Software,"[11, 50]",53
https://www.linkedin.com/company/alatec-ingenieros,http://www.diseprosa.com,DISEPROSA,"[51, 200]",7398
https://www.linkedin.com/company/fortify-resources,,,,
https://www.linkedin.com/company/orchestra-london-canada,,Orchestra London Canada,,
https://www.linkedin.com/company/silver-oak-advisory-group-inc.,,,,
https://www.linkedin.com/company/new-barn-hotel-limited,,NEW BARN HOTEL LIMITED,,1
https://www.linkedin.com/company/gerüstbau-hohl-gmbh,,,,
https://www.linkedin.com/company/ateleris-gmbh,https://www.ateleris.ch,Ateleris GmbH,,291
https://www.linkedin.com/company/uvascan-europe-limited,http://www.uvascan.com/,UVASCAN EUROPE LIMITED,"[1, 10]",
https://www.linkedin.com/company/maran-ata-christian-academy,,Maran Ata Christian Academy,"[1, 10]",1
https://www.linkedin.com/company/ast-signs-limited,,,,
https://www.linkedin.com/company/calcigen-corporation,,Calcigen Corporation,"[1, 10]",
https://www.linkedin.com/company/squadthink,http://squadthink.com/,SquadThink,"[1, 10]",
https://www.linkedin.com/company/la-huerta-coworking-house,http://www.huertacoworking.com,HUERTA Coworking,,696
https://www.linkedin.com/company/buddha-dental-tree,http://www.buddhadental.co.uk,Buddha Dental Tree,"[1, 10]",
https://www.linkedin.com/company/infraconsult-limited,http://infraconsult.co.uk,INFRACONSULT LIMITED,,10
https://www.linkedin.com/company/acibadem-city-clinic,https://www.acibademcityclinic.bg,Acibadem City Clinic,"[1001, 5000]",
https://www.linkedin.com/company/gisela.club,http://www.gisela.club,Gisela.Club,,
https://www.linkedin.com/company/buff-mama,http://www.buffmama.org,Buff Mama,"[1, 10]",
https://www.linkedin.com/company/sigo-solutions,,SIGO Solutions,,
https://www.linkedin.com/company/basilika-st.-clemens,http://www.st-clemens-hannover.de,Basilika St. Clemens,,
https://www.linkedin.com/company/mht-insurance,http://MHTINSURANCE.COM,MHT INSURANCE,"[1, 10]",16
https://www.linkedin.com/company/partner-as-avd-parkmiljø,,,,
https://www.linkedin.com/company/browe-inc,http://www.browe-inc.com,"BROWE, Inc","[1, 10]",93
https://www.linkedin.com/company/saemor-logistics-llc,,Saemor Logistics LLC,"[1, 10]",
https://www.linkedin.com/company/eureka-clarion,http://www.eurekaclarion.com,Eureka Clarion,,
https://www.linkedin.com/company/cameron-greens,,Cameron Greens,"[1, 10]",2
https://www.linkedin.com/company/believe-in-the-future-ltd,,BELIEVE IN THE FUTURE LTD,"[1, 10]",
https://www.linkedin.com/company/hills-home-help,https://m.facebook.com/HillsHomeHelp,Hills Home Help,,1
https://www.linkedin.com/company/agend-limited,,,,
https://www.linkedin.com/company/inbox-solution,http://www.inboxsolution.ro,Inbox Solution,"[1, 10]",12
https://www.linkedin.com/company/illuminate-tutoring,,Illuminate Tuition,"[1, 10]",
https://www.linkedin.com/company/beard-technologies-inc,,Beard Technologies Inc,"[1, 10]",1
https://www.linkedin.com/company/zellophon-records,http://www.zellophon-records.de,Zellophon-records,,
https://www.linkedin.com/company/jackie-combs-for-lotus-&-lily-floral-and-event-design,,,,
https://www.linkedin.com/company/sensordots,https://sensordots.org,SensorDots,"[1, 10]",5
https://www.linkedin.com/company/clever-pictures,,Clever Pictures,"[1, 10]",1
https://www.linkedin.com/company/pangbourne-asphalt,http://www.pangbourneasphalt.com,Pangbourne Asphalt,,
https://www.linkedin.com/company/savvymob,http://www.gosavvy.in,GoSavvy,"[11, 50]",363
https://www.linkedin.com/company/marlec-pty-ltd,http://www.marlec.com.au,Marlec Pty Ltd,"[1, 10]",5
https://www.linkedin.com/company/universo-zurdo,http://www.universozurdo.com,UNIVERSO ZURDO,,1
https://www.linkedin.com/company/shahzad-enterprises,http://www.shahzadenterprises.com/,Shahzad Enterprises,"[11, 50]",12
https://www.linkedin.com/company/forward-engineering-&-manufacturing,,,,
https://www.linkedin.com/company/new-beginnings-landscapes,https://newbeginningslandscapes.com,New Beginnings Landscapes,"[1, 10]",1
https://www.linkedin.com/company/custodis-investigations,http://www.custodisinvestigations.co.uk,Custodis Investigations,"[11, 50]",
https://www.linkedin.com/company/elke-biermaier,http://xn--gemeinschaftspraxis-bruckmhl-r7c.de,Elke Biermaier,,
https://www.linkedin.com/company/euro-frame-ltd,http://euroframeltd.co.uk,Euro Frame Ltd,,
https://www.linkedin.com/company/dickinson-environmental-ltd,http://www.dickinsonskips.co.uk/,DICKINSON ENVIRONMENTAL LTD,"[1, 10]",5
https://www.linkedin.com/company/radikal-tribe,http://www.radikaltribe.com/aboutus.html,Radikal Tribe,"[11, 50]",
https://www.linkedin.com/company/fusionx-llc,http://www.fusionx.com,FusionX Advanced Adversary Team,"[10001, None]",2279
https://www.linkedin.com/company/palouse-audio,http://www.yelp.com/biz/palouse-audio-pullman,Palouse Audio,"[1, 10]",
https://www.linkedin.com/company/documentation-&-design-inc.,,,,
https://www.linkedin.com/company/apotheke-am-ratzelbogen,http://ratzelbogen-apotheke.de,Apotheke Am Ratzelbogen,,
https://www.linkedin.com/company/cummins-&-co,,,,
https://www.linkedin.com/company/lamplight-motel,http://www.lamplightmotel.net/,Lamplight Motel,"[1, 10]",4
https://www.linkedin.com/company/chase-gardiner-ltd,,CHASE GARDINER LTD,"[1, 10]",
https://www.linkedin.com/company/wieler-industrievertretung,http://www.wieler-industrievertretung.de,WIELER Industrievertretung,,
https://www.linkedin.com/company/coppice-care,http://www.coppicecare.org.uk/,Coppice Care,"[11, 50]",
https://www.linkedin.com/company/north-central-radiology,,North Central Radiology,"[1, 10]",
https://www.linkedin.com/company/tudor-heights,http://www.tudorheightsapartments.com,TUDOR HEIGHTS,"[1, 10]",6
https://www.linkedin.com/company/ernst-scharrenberg,http://sped-scharrenberg.de,Ernst Scharrenberg,,
https://www.linkedin.com/company/buffalo-food-shelf-council,,Buffalo Food Shelf Council,"[1, 10]",1
https://www.linkedin.com/company/fausse-piste-films,http://xaviermesme.com,Fausse piste films,"[1, 10]",
https://www.linkedin.com/company/operation-get-ahead-inc,,Operation Get Ahead Inc,"[1, 10]",1
https://www.linkedin.com/company/church-of-the-nazarene-keokuk-iowa,http://www.keokuknaz.org,"Church Of The Nazarene, Keokuk, Iowa","[1, 10]",2
https://www.linkedin.com/company/epocs-global,http://www.epocsglobal.com,EPOCS Global,"[1, 10]",
https://www.linkedin.com/company/rintoul-painting,,Rintoul Painting,"[11, 50]",
https://www.linkedin.com/company/phone-interpreting-instant-communication-24-7,,Phone interpreting: instant communication 24/7,,
https://www.linkedin.com/company/bailey-&-jensen,,,,
https://www.linkedin.com/company/dream-persians,http://dreampersians.webs.com,Dream Persians,,
https://www.linkedin.com/company/bkk-basell,http://www.bkk-basell.de,BKK Basell,"[1, 10]",
https://www.linkedin.com/company/c.jem-worksurfaces,http://www.cjemworksurfaces.com,C.JEM Worksurfaces,,
https://www.linkedin.com/company/wilson-fencing-co,http://www.mikewilsonfence.com/,Wilson Fencing Co,"[1, 10]",
https://www.linkedin.com/company/beaufine,http://www.beaufine.com,beaufine solutions,"[1, 10]",
https://www.linkedin.com/company/design-a-tivity-llc,http://designativity.com,design a tivity llc,"[1, 10]",
https://www.linkedin.com/company/the-synced-solution-llc,,,,
https://www.linkedin.com/company/portland-veterinary-svc,,Portland Veterinary Svc,"[1, 10]",2
https://www.linkedin.com/company/novartis-poland-sp-z-o-o-,http://www.novartis.pl,Novartis Poland Sp. z o.o.,"[11, 50]",271
https://www.linkedin.com/company/hostile-entertainment,http://hostileentertainment.com.au,Hostile Entertainment,,
https://www.linkedin.com/company/straitslink-capital-pte-ltd,http://straitslink.com.sg,Straitslink Capital Pte Ltd,"[1, 10]",
https://www.linkedin.com/company/quant5,,,,
https://www.linkedin.com/company/shakti-yoga-shala,http://shaktiyogashala-aust.com,Shakti Yoga Shala,,1
https://www.linkedin.com/company/fabl-llc,,,,
https://www.linkedin.com/company/the-brand-company_2,,,,
https://www.linkedin.com/company/woodvale-consulting-limited,,,,
https://www.linkedin.com/company/co.media-consulting,,,,
https://www.linkedin.com/company/ddc-services-inc,,Ddc Services Inc,"[1, 10]",2
https://www.linkedin.com/company/osceola-pet-care,http://www.osceolaanimalclinic.com/,Osceola Pet Care,"[1, 10]",1
https://www.linkedin.com/company/instituto-gãªnesis,,,,
https://www.linkedin.com/company/watches-&-technologies-louis-verbeek,,,,
https://www.linkedin.com/company/frau-marion-burmeister,http://burmeister.buechen.com,Frau Marion Burmeister,,
https://www.linkedin.com/company/hope-print-group-limited,,HOPE PRINT GROUP LIMITED,"[1, 10]",18
https://www.linkedin.com/company/internasionalmitrafasion,,,,
https://www.linkedin.com/company/wice---granité-à-base-de-vin,,,,
https://www.linkedin.com/company/indian-voojan,http://www.indianvoojan.com,Indian Voojan,,
https://www.linkedin.com/company/ellsworks-llc,http://ellsworks.com,"ellsWORKS, LLC","[1, 10]",25
https://www.linkedin.com/company/factorã­a-de-innovaciã³n-cã³rdoba,,,,
https://www.linkedin.com/company/spineanalyzer,http://www.spineanalyzer.com,SpineAnalyzer,,
https://www.linkedin.com/company/osborne-ross-design-limited,http://osborneross.com,Osborne Ross,"[1, 10]",
https://www.linkedin.com/company/empresa-de-prueba--xyz,,Empresa de prueba- XYZ,,
https://www.linkedin.com/company/vietventures,http://www.vietventures.net,"Viet Ventures Co., Ltd","[11, 50]",63
https://www.linkedin.com/company/greenland-houchen,,,,
https://www.linkedin.com/company/mpi-poland-club,,MPI Poland Club,,
https://www.linkedin.com/company/coaching-marketing,,,,
https://www.linkedin.com/company/dubell-lumber-co.,http://dubell.com,DuBell Lumber Co.,"[51, 200]",358
https://www.linkedin.com/company/gestimm-group-srl,http://www.gestimm.com,GESTIMM GROUP SRL,"[1, 10]",17
https://www.linkedin.com/company/new-york-family-policy-council,,New York Family Policy Council,"[1, 10]",2
https://www.linkedin.com/company/realestate-com,,,,
https://www.linkedin.com/company/manousso-mediation-,,,,
https://www.linkedin.com/company/mr.sushi-&-miss.wok,,,,
https://www.linkedin.com/company/infex-ltd,,,,
https://www.linkedin.com/company/baron-turkish-kitchen---muslim-halal-restaurant---shenzhen-china,,,,
https://www.linkedin.com/company/forlango-education,,,,
https://www.linkedin.com/company/first-designs-nl,http://www.firstdesigns.nl,First Designs NL,,
https://www.linkedin.com/company/polyplan-as,http://www.polyplan.no,PolyPlan AS,"[1, 10]",
https://www.linkedin.com/company/lab3web,http://lab3web.com,Lab3Web | Digital Marketing Agency,"[1, 10]",74
https://www.linkedin.com/company/kadru,http://www.kadru.in/,KADRU,"[51, 200]",18
https://www.linkedin.com/company/virgola-kommunikation,,,,
https://www.linkedin.com/company/conduco-staffing,,,,
